created_at,text
Sun Dec 03 12:11:09 +0000 2017,Bitcoin gets me out of bed
Sun Dec 03 12:11:09 +0000 2017,"RT @CryptoCobain: If bitcoin goes over $12,000 in the next 2 years I will give everyone that retweets this tweet $1,000"
Sun Dec 03 12:11:09 +0000 2017,RT @Bazista_io: And finally we are sharing with you #Blockchain &amp; #Bitcoin Conference Moscow 2017 video report. Amazing people getâ€_ 
Sun Dec 03 12:11:09 +0000 2017,RT @business: It seems Nobel economics laureates don't like bitcoin https://t.co/rqsqZiD10R https://t.co/cpxeCehYQh
Sun Dec 03 12:11:09 +0000 2017,"""Even at $10,000, I believe bitcoin to be the most undervalued asset in the world"" - Simon Dixon, Bank To The Futurâ€_ https://t.co/AF8s3wwtlF"
Sun Dec 03 12:11:10 +0000 2017,RT @MikeQuindazzi: A bit on #blockchain... and #bitcoin too! https://t.co/RYZ83KAG6l by @MikeQuindazzi on @LinkedIn #fintechâ€_ 
Sun Dec 03 12:11:10 +0000 2017,Bitcoin pauses below record peak; gained 55 pct in Nov
Sun Dec 03 12:11:10 +0000 2017,Para Pemenang Nobel Ingin Bitcoin Dilarang  https://t.co/iGJmzPkRPYSun Dec 03 18:38:47 +0000 2017,Japan Approves Another Four New #Bitcoin Exchanges https://t.co/73hJOL7Xsd https://t.co/Ck0cItd5n9
Sun Dec 03 18:38:47 +0000 2017,RT @DeadDigitizer: added up that with bitcoin being 11k any of the weed i bought off the deepweb in 2014 is now worth around $250 a g fuck‚Ä¶
Sun Dec 03 18:38:48 +0000 2017,"RT @cryptartica: Our #BitcoinCash Series Merchandise is now available with Green Reverse logo. All logos available.

Choose your‚Ä¶ "
Sun Dec 03 18:38:48 +0000 2017,"–Ø –∑–∞—Ä–µ–≥–∏—Å—Ç—Ä–∏—Ä–æ–≤–∞–ª—Å—è –Ω–∞ WCX, –≥–ª–æ–±–∞–ª—å–Ω–æ–π –±–∏—Ä–∂–µ –∫—Ä–∏–ø—Ç–æ–≤–∞–ª—é—Ç. –†–µ–≥–∏—Å—Ç—Ä–∏—Ä—É–π—Å—è –∏ —Å—Ä–∞–∑—É &amp; –ø–æ–ª—É—á–∏ 50 WCX —Ç–æ–∫–µ–Ω–æ–≤.‚Ä¶ https://t.co/yTmJ3wqZFq"
Sun Dec 03 18:38:48 +0000 2017,RT @priyanshsethi2: @Bitcoin @BitcoinDiamond_  hello everyone buy BCD . it will gonna to high as BTCRED so go buy BCD . and enjoy :)
Sun Dec 03 18:38:49 +0000 2017,Bitcoin Bubble Burst will warn you if the bitcoin dream is about to crash down https://t.co/KXnECAjcZC https://t.co/pWiZ2FWkVy
Sun Dec 03 18:38:49 +0000 2017,RT @MotherJones: What happens when the Bitcoin bubble bursts? https://t.co/XCPOfyHcDL https://t.co/buvcF7Dug6
Sun Dec 03 18:38:49 +0000 2017,"RT @ArtofNBG: If you‚Äôre kicking yourself for buying bitcoin late, just remember that the majority of bitcoin users can‚Äôt buy beca‚Ä¶ "
Sun Dec 03 18:38:49 +0000 2017,"RT @bitstein: &gt; Not an improvement in payment speed or an improvement in store of wealth, where there are many other services tha‚Ä¶ "
Sun Dec 03 18:38:49 +0000 2017,Why is anybody reacting to this @ToneVays too much FOMO!? https://t.co/aia6lj0Fey
Sun Dec 03 18:38:50 +0000 2017,"Great #Bitcoin news for our client @doxfordbarns @thecharltonhall 

Thanks @Scoopford @TheJournalNews‚Ä¶ https://t.co/Uoa3kUi7DS"
Sun Dec 03 18:38:50 +0000 2017,RT @priyanshsethi2: @Bitcoin @BitcoinDiamond_  hello everyone buy BCD . it will gonna to high as BTCRED so go buy BCD . and enjoy :)
Sun Dec 03 18:38:50 +0000 2017,TWO OF THE BIG FOUR ACCOUNTING FIRMS NOW ACCEPT BITCOIN https://t.co/YHF0CJKNbV
Sun Dec 03 18:38:50 +0000 2017,Bitcoin Pushes Canada Toward State Crypto Coin : https://t.co/pnIsBjqkiw      |      #anisama #„Éû„Ç∏„ÉÉ„ÇØ„Éã„Ç≥Áîü„Å©„ÅÜ„Çà
Sun Dec 03 18:38:50 +0000 2017,RT @Local4News: Understanding bitcoin: The pros and cons of digital currency https://t.co/UcfMfDkSbF
Sun Dec 03 18:38:50 +0000 2017,"Could bitcoin technology revolutionize aid distribution? 
Yoshiyuki YAMAMOTO
https://t.co/WI5IN1Z9jk"
Sun Dec 03 18:38:50 +0000 2017,"@EtherbitHQ Are you interested into Bitcoin? Why are you not giving a try to Bitcoin Diamond, the cryptocurrency th‚Ä¶ https://t.co/pjBjpALPu0"
Sun Dec 03 18:38:51 +0000 2017,RT @RT_com: #Zuckerberg‚Äôs twin rivals become 1st #Bitcoin billionaires https://t.co/cK5qGLlRNI https://t.co/gKMAjGEJ6K
Sun Dec 03 18:38:51 +0000 2017,RT @Robtichenor: It's amazing how scary it is for officialdom that the common man take title to his own money and financial sovereignty #bi‚Ä¶
Sun Dec 03 18:38:51 +0000 2017,https://t.co/lYfRPHL8FA Learn how to make 10 dollar+ per day in the fastest and easiest way using #Bitcoin #PayPal‚Ä¶ https://t.co/BaX0oj2Kk0
Sun Dec 03 18:38:51 +0000 2017,"RT @wheezywaiter: Stay bitcoin, Ponyboy."
Sun Dec 03 18:38:51 +0000 2017,"RT @PayperExnet: Bitcoin high volatility,
Will it go to $ 8,000 this week"
Sun Dec 03 18:38:51 +0000 2017,RT @priyanshsethi2: @Bitcoin @BitcoinDiamond_  hello everyone buy BCD . it will gonna to high as BTCRED so go buy BCD . and enjoy :)
Sun Dec 03 18:38:51 +0000 2017,Jay is says it right there. Bitcoin can bridge the gap between you and the iPhoneX. Those things are directly relat‚Ä¶ https://t.co/q7viaF1ahE
Sun Dec 03 18:38:52 +0000 2017,RT @daoact_org: Good to be back in Zug where even the Council accepts Bitcoin! Word is that since #chinaicoban companies are floodi‚Ä¶ 
Sun Dec 03 18:38:52 +0000 2017,"#–∫—Ä–∏–ø—Ç–æ–≤–∞–ª—é—Ç–∞ #–∫—Ä–∏–ø—Ç–æ–≤–∞–ª—é—Ç–∞_–∏_–≥–æ—Å—É–¥–∞—Ä—Å—Ç–≤–æ #–Ω–æ–≤–æ—Å—Ç–∏_–æ_–∫—Ä–∏–ø—Ç–æ–≤–∞–ª—é—Ç–µ

–ù–æ–±–µ–ª–µ–≤—Å–∫–∏–π –ª–∞—É—Ä–µ–∞—Ç –ø—Ä–∏–∑—ã–≤–∞–µ—Ç –∑–∞–ø—Ä–µ—Ç–∏—Ç—å Bitcoin‚Ä¶ https://t.co/BU9qg8ZVJo"
Sun Dec 03 18:38:53 +0000 2017,RT @BitcoinErrorLog: üß¶NEW!!! ROUND 2 - John Carvalho VS Roger Ver üß¶https://t.co/AoGDWfiAPg  #bcash @mikeinspace @bitcoincartalk #bitcoin
Sun Dec 03 18:38:53 +0000 2017,RT @priyanshsethi2: @Bitcoin @BitcoinDiamond_  hello everyone buy BCD . it will gonna to high as BTCRED so go buy BCD . and enjoy :)
Sun Dec 03 18:38:53 +0000 2017,Bitcoin Pushes Canada Toward State Crypto Coin https://t.co/PqEc3Mv7Wn https://t.co/UMvqTMIJwW
Sun Dec 03 18:38:53 +0000 2017,RT @priyanshsethi2: @Bitcoin @BitcoinDiamond_  hello everyone buy BCD . it will gonna to high as BTCRED so go buy BCD . and enjoy :)
Sun Dec 03 18:38:53 +0000 2017,RT @priyanshsethi2: @Bitcoin @BitcoinDiamond_  hello everyone buy BCD . it will gonna to high as BTCRED so go buy BCD . and enjoy :)
Sun Dec 03 18:38:53 +0000 2017,"Carl Icahn Compares Bitcoin to the Mississippi Bubble - https://t.co/jE4B1INrqC - #bitcoin
Advertise #ICO: https://t.co/G5sd9LHqgj"
Sun Dec 03 18:38:54 +0000 2017,RT @priyanshsethi2: @Bitcoin @BitcoinDiamond_  hello everyone buy BCD . it will gonna to high as BTCRED so go buy BCD . and enjoy :)
Sun Dec 03 18:38:54 +0000 2017,RT @culuslb: Do you want to order? DM us or send us an email at contact@culus.co and we will give you a form to complete so we c‚Ä¶ 
Sun Dec 03 18:38:54 +0000 2017,RT @victorac: bitcoin. a webmoeda
Sun Dec 03 18:38:54 +0000 2017,"RT @MyFavsTrash: Y'all put 25$ into bitcoin make 8$ profit and then get on twitter like ""idk how y'all do that 9-5 shit"""
Sun Dec 03 18:38:54 +0000 2017,RT @priyanshsethi2: @Bitcoin @BitcoinDiamond_  hello everyone buy BCD . it will gonna to high as BTCRED so go buy BCD . and enjoy :)
Sun Dec 03 18:38:56 +0000 2017,66% of Android crypto currency apps DO NOT use HTTPS (encryption) to transmit passwords/logins. This leaves users o‚Ä¶ https://t.co/R0XHCLp3R8
Sun Dec 03 18:38:56 +0000 2017,"RT @PropyInc: #Propy CEO @ #Blockchain Expo North America with Jeremy Gardner and the #Washington governor's IT lead, speaking ab‚Ä¶ "
Sun Dec 03 18:38:56 +0000 2017,@DeadDigitizer @BillRatchet I was watching videos for points and cashed out in bitcoin back in early 2016 and every‚Ä¶ https://t.co/xSUGobhv3u
Sun Dec 03 18:38:56 +0000 2017,RT @priyanshsethi2: @Bitcoin @BitcoinDiamond_  hello everyone buy BCD . it will gonna to high as BTCRED so go buy BCD . and enjoy :)
Sun Dec 03 18:38:56 +0000 2017,RT @priyanshsethi2: @Bitcoin @BitcoinDiamond_  hello everyone buy BCD . it will gonna to high as BTCRED so go buy BCD . and enjoy :)
Sun Dec 03 18:38:57 +0000 2017,PR: CoinLoan Lending Platform Granted Full License - Bitcoin News https://t.co/iNggwkAzo7
Sun Dec 03 18:38:57 +0000 2017,RT @priyanshsethi2: @Bitcoin @BitcoinDiamond_  hello everyone buy BCD . it will gonna to high as BTCRED so go buy BCD . and enjoy :)
Sun Dec 03 18:38:57 +0000 2017,"@CryptoCurrent Are you interested into Bitcoin? Why are you not giving a try to Bitcoin Diamond, the cryptocurrency‚Ä¶ https://t.co/n8PTAxN7sO"
Sun Dec 03 18:38:57 +0000 2017,@EllyHB Not putting everything on bitcoin at $1.00
Sun Dec 03 18:38:57 +0000 2017,"RT @clarincom: Joseph Stiglitz contra el bitcoin: ""Deber√≠an prohibirlo"" https://t.co/KNWLbCV1cu https://t.co/fPhQq1eukX"
Sun Dec 03 18:38:57 +0000 2017,"RT @Movement_app_: Read the article about Movement App in Japanese: https://t.co/yovyREtkUu

Don't forget to register on our official‚Ä¶ "
Sun Dec 03 18:38:57 +0000 2017,"RT @imteddybless: me: please don't explain bitcoin
men: i will https://t.co/ouWT9fUWSk"
Sun Dec 03 18:38:58 +0000 2017,"RT @Cointelegraph: WOW! #Bitcoin is now the sixth most circulated currency in the world, behind five super powers, and outranking the‚Ä¶ "
Sun Dec 03 18:38:58 +0000 2017,RT @D1SUNOMICS: Women intuition is overrated. Your intuition will tell you the known ladies man you are dating is dating others but‚Ä¶ 
Sun Dec 03 18:38:58 +0000 2017,$51 Billion CME to Enable Bitcoin Futures Trading by December 18 https://t.co/4nTpL2inn0 https://t.co/qQB95CxX5W
Sun Dec 03 18:38:59 +0000 2017,RT @priyanshsethi2: @Bitcoin @BitcoinDiamond_  hello everyone buy BCD . it will gonna to high as BTCRED so go buy BCD . and enjoy :)
Sun Dec 03 18:38:59 +0000 2017,RT @woonomic: @coindesk Bitcoin is not just money. It‚Äôs the invention of an Internet-native digital scarcity. And with that break‚Ä¶ 
Sun Dec 03 18:38:59 +0000 2017,"En resumen, el peligro con la burbuja del Bitcoin ya no es el Bitcoin... sino todas las Burbujas ‚Äúclasicas‚Äù que se‚Ä¶ https://t.co/nMkUufCBPu"
Sun Dec 03 18:38:59 +0000 2017,"""What's Bitcoin""

(provides link to educational content)

#nocoiners: https://t.co/M4cXFhdNyd"
Sun Dec 03 18:38:59 +0000 2017,"Mike Novogratz Claims BItcoin Price tag Could Reach $40,000 in 2018 Ethereum to $1500 https://t.co/12cg7tLNWO"
Sun Dec 03 18:38:59 +0000 2017,RT @priyanshsethi2: @Bitcoin @BitcoinDiamond_  hello everyone buy BCD . it will gonna to high as BTCRED so go buy BCD . and enjoy :)
Sun Dec 03 18:38:59 +0000 2017,RT @priyanshsethi2: @Bitcoin @BitcoinDiamond_  hello everyone buy BCD . it will gonna to high as BTCRED so go buy BCD . and enjoy :)
Sun Dec 03 18:39:00 +0000 2017,"RT @jjjinvesting: As Bitcoin Surges To New Record, Meet ‚ÄòBubble Burst‚Äô, The App That Warns You Before A Crypto... https://t.co/eg7vLSNF9N"
Sun Dec 03 18:39:00 +0000 2017,RT @culuslb: Do you want to order? DM us or send us an email at contact@culus.co and we will give you a form to complete so we c‚Ä¶ 
Sun Dec 03 18:39:01 +0000 2017,RT @priyanshsethi2: @Bitcoin @BitcoinDiamond_  hello everyone buy BCD . it will gonna to high as BTCRED so go buy BCD . and enjoy :)
Sun Dec 03 18:39:01 +0000 2017,RT @priyanshsethi2: @Bitcoin @BitcoinDiamond_  hello everyone buy BCD . it will gonna to high as BTCRED so go buy BCD . and enjoy :)
Sun Dec 03 18:39:01 +0000 2017,BitConnect https://t.co/qy7OwJzMvV
Sun Dec 03 18:39:01 +0000 2017,"Bitcoin, ignorance, and you https://t.co/uxx1ZwfscD via @WSJ"
Sun Dec 03 18:39:01 +0000 2017,RT @priyanshsethi2: @Bitcoin @BitcoinDiamond_  hello everyone buy BCD . it will gonna to high as BTCRED so go buy BCD . and enjoy :)
Sun Dec 03 18:39:01 +0000 2017,"Bitcoin, ignorance, and you https://t.co/uxx1ZwfscD via @WSJ"
Sun Dec 03 18:39:01 +0000 2017,Will just be like lighting your cash on fire. Bitcoin may be a better option. #LAWeekly Chemerinsky plans to invest‚Ä¶ https://t.co/zClyF1Rhtq
Sun Dec 03 18:39:02 +0000 2017,RT @culuslb: Do you want to order? DM us or send us an email at contact@culus.co and we will give you a form to complete so we c‚Ä¶ 
Sun Dec 03 18:39:02 +0000 2017,"RT @Worthy_Choice: –ö—É–ø–∏—Ç—å –∫—Ä–∏–ø—Ç–æ–≤–∞–ª—é—Ç—É –∑–∞–∫–æ–Ω–Ω–æ –∏ –ø—Ä–æ—Å—Ç–æ.
–°–º–æ—Ç—Ä–∞ –∞–Ω–∞–ª–∏–∑ –≤–∞—Ä–∏–∞–Ω—Ç–æ–≤ –ø–æ–∫—É–ø–∫–∏ –±–∏—Ç–∫–æ–∏–Ω–∞ –∏ –¥—Ä—É–≥–∏—Ö –≤–∞–ª—é—Ç –Ω–∞ Youtube –∫–∞–Ω–∞–ª–µ‚Ä¶ "
Sun Dec 03 18:39:02 +0000 2017,RT @thiagofreit3653: BitConnect https://t.co/qy7OwJzMvV
Sun Dec 03 18:39:02 +0000 2017,"@CryptoCurrent Are you interested into Bitcoin? Why are you not giving a try to Bitcoin Diamond, the cryptocurrency‚Ä¶ https://t.co/7BSJ5dGczn"
Sun Dec 03 18:39:02 +0000 2017,RT @priyanshsethi2: @Bitcoin @BitcoinDiamond_  hello everyone buy BCD . it will gonna to high as BTCRED so go buy BCD . and enjoy :)
Sun Dec 03 18:39:03 +0000 2017,RT @priyanshsethi2: @Bitcoin @BitcoinDiamond_  hello everyone buy BCD . it will gonna to high as BTCRED so go buy BCD . and enjoy :)
Sun Dec 03 18:39:03 +0000 2017,"RT @MeyersCohen: RT ""

$PTOP Now at .01 Their #cryptocurrency #ICO Worth $12.7MM+ #bitcoin just hit $11,500 $OSTK $GBTC $XNET $MARA‚Ä¶ "
Sun Dec 03 18:39:03 +0000 2017,"as soon as #BTC hits $11,999 its going to plumet as A LOT of people are going to sell... about 15M worth of bitcoin‚Ä¶ https://t.co/oww76DLuiS"
Sun Dec 03 18:39:04 +0000 2017,"Altƒ±n standardƒ±, tam da bu y√ºzden devre dƒ±≈üƒ± bƒ±rakƒ±lmƒ±≈ü, bu y√ºzden altƒ±n para olmaktan √ßƒ±karƒ±lmƒ±≈ütƒ±r. Hi√ß bir devle‚Ä¶ https://t.co/fOpsJL8ei9"
Sun Dec 03 18:39:04 +0000 2017,RT @priyanshsethi2: @Bitcoin @BitcoinDiamond_  hello everyone buy BCD . it will gonna to high as BTCRED so go buy BCD . and enjoy :)
Sun Dec 03 18:39:04 +0000 2017,"RT @BTCTN: Coinsource Adds 18 Bitcoin ATMs in Atlanta, Among Ten Most Unbanked US Cities https://t.co/oWXQ5qfzpK #Bitcoin https://t.co/ZMEh‚Ä¶"
Sun Dec 03 18:39:04 +0000 2017,"RT @Dennahz: Although I like the growth on #bitcoin and crypto in general, I really miss the old days where it was ""just us"" dum‚Ä¶ "
Sun Dec 03 18:39:04 +0000 2017,The Bitcoin Ecosystem #btc #xbt #fintech #currency #crypto #bitcoin #infographic https://t.co/IxOVyUSlik
Sun Dec 03 18:39:05 +0000 2017,RT @priyanshsethi2: @Bitcoin @BitcoinDiamond_  hello everyone buy BCD . it will gonna to high as BTCRED so go buy BCD . and enjoy :)
Sun Dec 03 18:39:05 +0000 2017,RT @RT_com: #Zuckerberg‚Äôs twin rivals become 1st #Bitcoin billionaires https://t.co/cK5qGLlRNI https://t.co/gKMAjGEJ6K
Sun Dec 03 18:39:05 +0000 2017,RT @priyanshsethi2: @Bitcoin @BitcoinDiamond_  hello everyone buy BCD . it will gonna to high as BTCRED so go buy BCD . and enjoy :)
Sun Dec 03 18:39:06 +0000 2017,Nobel Economists Don't Like Bitcoin Because it Disrupts Traditional Finance https://t.co/vc1J9k2kRi
Sun Dec 03 18:39:05 +0000 2017,RT @priyanshsethi2: @Bitcoin @BitcoinDiamond_  hello everyone buy BCD . it will gonna to high as BTCRED so go buy BCD . and enjoy :)
Sun Dec 03 18:39:06 +0000 2017,"RT @ugChain: Join our Telegram group to get free stakes! https://t.co/y2ZGtkNQuZ

Read the @bitcointalk bounty thread to get mor‚Ä¶ "
Sun Dec 03 18:39:06 +0000 2017,RT @hnshah: Economist Jim Rickards on gold versus bitcoin ‚Äî intrinsic value is meaningless for both but the bitcoin prices aren‚Ä¶ 
Sun Dec 03 18:39:06 +0000 2017,RT @priyanshsethi2: @Bitcoin @BitcoinDiamond_  hello everyone buy BCD . it will gonna to high as BTCRED so go buy BCD . and enjoy :)
Sun Dec 03 18:39:06 +0000 2017,PR: CoinLoan Lending Platform Granted Full License https://t.co/PhToRyU88J #Bitcoin https://t.co/oRk5XfrNUm
Sun Dec 03 18:39:06 +0000 2017,"Olataytay: SHEEPWOLF'S $1,000,000.00 JOURNEY: https://t.co/P7UC1v9fxr https://t.co/s1OPKncAJm"
Sun Dec 03 18:39:06 +0000 2017,"As Bitcoin Tops $11000, Hedge Fund Leader Ken Griffin Joins the Bubble Brigade https://t.co/1LkvRnsE53 https://t.co/Ke433sX959"
Sun Dec 03 18:39:07 +0000 2017,RT @priyanshsethi2: @Bitcoin @BitcoinDiamond_  hello everyone buy BCD . it will gonna to high as BTCRED so go buy BCD . and enjoy :)
Sun Dec 03 18:39:07 +0000 2017,RT @RT_com: #Zuckerberg‚Äôs twin rivals become 1st #Bitcoin billionaires https://t.co/cK5qGLlRNI https://t.co/gKMAjGEJ6K
Sun Dec 03 18:39:07 +0000 2017,"RT @charliebilello: Bitcoin's market cap just passed Coca-Cola's.

Yes, that Coca-Cola: 
Founded in 1886
4th most valuable brand in the‚Ä¶ "
Sun Dec 03 18:39:07 +0000 2017,RT @priyanshsethi2: @Bitcoin @BitcoinDiamond_  hello everyone buy BCD . it will gonna to high as BTCRED so go buy BCD . and enjoy :)
Sun Dec 03 18:39:07 +0000 2017,RT @priyanshsethi2: @Bitcoin @BitcoinDiamond_  hello everyone buy BCD . it will gonna to high as BTCRED so go buy BCD . and enjoy :)
Sun Dec 03 18:39:07 +0000 2017,"RT @charliebilello: Bitcoin's market cap just passed Coca-Cola's.

Yes, that Coca-Cola: 
Founded in 1886
4th most valuable brand in the‚Ä¶ "
Sun Dec 03 18:39:07 +0000 2017,RT @priyanshsethi2: @Bitcoin @BitcoinDiamond_  hello everyone buy BCD . it will gonna to high as BTCRED so go buy BCD . and enjoy :)
Sun Dec 03 18:39:07 +0000 2017,"RT CryptoCoinsNews ""John McAfee Bullish on Bitcoin Price Reaching $1 Million by 2020 https://t.co/djg6ZUJfIJ https://t.co/pE70qBl1Wq"""
Sun Dec 03 18:39:07 +0000 2017,How to explain the Bitcoin bubble to young people https://t.co/c6lQ6eY8P8 #Hijau #Berkebun #Indonesia #Brunei‚Ä¶ https://t.co/MTzYTgot9N
Sun Dec 03 18:39:07 +0000 2017,RT @culuslb: Do you want to order? DM us or send us an email at contact@culus.co and we will give you a form to complete so we c‚Ä¶ 
Sun Dec 03 18:39:07 +0000 2017,"This has all been an elaborate scheme from Bitfinex's CFO, Giancarlo Devasini from 2014 to inflate the price of Bit‚Ä¶ https://t.co/p43W4NxjYX"
Sun Dec 03 18:39:07 +0000 2017,"@glcbitcoin Are you interested into Bitcoin? Why are you not giving a try to Bitcoin Diamond, the cryptocurrency th‚Ä¶ https://t.co/bmFBxu2cND"
Sun Dec 03 18:39:08 +0000 2017,RT @DanDarkPill: All my non-existent friends asking me about Bitcoin.
Sun Dec 03 18:39:08 +0000 2017,"#LegendCoin ICO CrowdSale Round 2
https://t.co/Cnx9HpkF8x

#ICOAlert #ICO #LendingICO #Crypto #Bitcoin #BCH‚Ä¶ https://t.co/dDfhOv2Q0s"
Sun Dec 03 18:39:08 +0000 2017,"The cryptocurrency Bitcoin has reached an all time high in value. It surged well past the $9,000 mark over the... https://t.co/Qf6jxtaAG3"
Sun Dec 03 18:39:08 +0000 2017,"@ButtCoin @matthew_d_green Is your refrigerator running bitcoin mining?

Built in cooling"
Sun Dec 03 18:39:09 +0000 2017,RT @btc: RT if you‚Äôre invested into #Bitcoin
Sun Dec 03 18:39:09 +0000 2017,Nobel Economists Don't Like Bitcoin Because it Disrupts Traditional Finance: https://t.co/oX2oZi7pU5 - #Blockchain‚Ä¶ https://t.co/KQnNOag9fd
Sun Dec 03 18:39:09 +0000 2017,RT @btc: RT if you‚Äôre invested into #Bitcoin
Sun Dec 03 18:39:09 +0000 2017,"RT @Datavetaren: It‚Äôs feature, not a problem! üòÇ#bitcoin https://t.co/AZKhRegEsw"
Sun Dec 03 18:39:09 +0000 2017,"RT @BitcoinDunny: Me: buy bitcoin at $2,000

Me: buy bitcoin at $3,000

Me: buy bitcoin at $4,000

Me: buy bitcoin at $5,000

Me: buy‚Ä¶ "
Sun Dec 03 18:39:09 +0000 2017,RT @priyanshsethi2: @Bitcoin @BitcoinDiamond_  hello everyone buy BCD . it will gonna to high as BTCRED so go buy BCD . and enjoy :)
Sun Dec 03 18:39:10 +0000 2017,"RT @danieloso: En resumen, el peligro con la burbuja del Bitcoin ya no es el Bitcoin... sino todas las Burbujas ‚Äúclasicas‚Äù que se‚Ä¶ "
Sun Dec 03 18:39:10 +0000 2017,RT @priyanshsethi2: @Bitcoin @BitcoinDiamond_  hello everyone buy BCD . it will gonna to high as BTCRED so go buy BCD . and enjoy :)
Sun Dec 03 18:39:10 +0000 2017,RT @priyanshsethi2: @Bitcoin @BitcoinDiamond_  hello everyone buy BCD . it will gonna to high as BTCRED so go buy BCD . and enjoy :)
Sun Dec 03 18:39:10 +0000 2017,RT @priyanshsethi2: @Bitcoin @BitcoinDiamond_  hello everyone buy BCD . it will gonna to high as BTCRED so go buy BCD . and enjoy :)
Sun Dec 03 18:39:10 +0000 2017,"RT @charliebilello: Bitcoin milestone update: $11,500 for the first time ever. It entered the year below $1,000, up 1,100% YTD. $BTC.X http‚Ä¶"
Sun Dec 03 18:39:10 +0000 2017,"RT @Yamsleezy: Niggas put 25$ into bitcoin make 8$ profit and then get on twitter like ""idk how y'all do that 9-5 shit"""
Sun Dec 03 18:39:10 +0000 2017,RT @priyanshsethi2: @Bitcoin @BitcoinDiamond_  hello everyone buy BCD . it will gonna to high as BTCRED so go buy BCD . and enjoy :)
Sun Dec 03 18:39:10 +0000 2017,"RT @kevrklar: Happy #VTCember!! But a very special shout out and thank you to @crypto_campus, @DaytradeJeffrey and @CryptoHedge_‚Ä¶ "
Sun Dec 03 18:39:11 +0000 2017,RT @N_Tsogjavkhlan: –•—ç–¥—Ö—ç–Ω —Å–∞—Ä—ã–Ω –¥–∞—Ä–∞–∞ #bitcoin –¥ –æ—Ä—É—É–ª—Å–∞–Ω –º”©–Ω–≥”©”© –∞–≤–∞—è –≥—ç—Ö—ç—ç—Ä —é—É–Ω –º”©–Ω–≥”© —á–∞–º–¥ –±–∏—Ç–∫–æ–π–Ω ”©–≥”©”© –±–∏–∑–¥—ç—ç –Ω–∞–¥–∞–¥ –º”©–Ω–≥”© –±–∞–π—Ö–≥“Ø–π –≥—ç‚Ä¶ 
Sun Dec 03 18:39:11 +0000 2017,Winklevoss Twins Become World's First Bitcoin Billionaires https://t.co/GEezS1zRi0
Sun Dec 03 18:39:11 +0000 2017,@slushcz Maybe try telling them about Bitcoin Cash instead of SegwitTabs!
Sun Dec 03 18:39:11 +0000 2017,"PR: CoinLoan Lending Platform Granted Full License https://t.co/BE7Sk46KkW #Bitcoin https://t.co/wH7dQDZOiW

PR: Co‚Ä¶ https://t.co/cfzM1bmjDd"
Sun Dec 03 18:39:12 +0000 2017,RT @WhalePanda: Love these weekend #Bitcoin moves. The Wallstreet boys going to tame Bitcoin with their circuit breakers and 9 to 5‚Ä¶ 
Sun Dec 03 18:39:12 +0000 2017,RT @culuslb: Do you want to order? DM us or send us an email at contact@culus.co and we will give you a form to complete so we c‚Ä¶ 
Sun Dec 03 18:39:12 +0000 2017,@LukeGundy @AustenAllred bitcoin
Sun Dec 03 18:39:12 +0000 2017,Nobel Economists Don‚Äôt Like Bitcoin Because it Disrupts Traditional Finance | #VentureCanvas - https://t.co/kuKuykFyfS
Sun Dec 03 18:39:12 +0000 2017,RT @aeron_aero: A media report from the last week's conference in Xiamen China sponsored by Aeron https://t.co/7ug7tfPO2u @sosobtc‚Ä¶ 
Sun Dec 03 18:39:12 +0000 2017,RT @priyanshsethi2: @Bitcoin @BitcoinDiamond_  hello everyone buy BCD . it will gonna to high as BTCRED so go buy BCD . and enjoy :)
Sun Dec 03 18:39:12 +0000 2017,RT @priyanshsethi2: @Bitcoin @BitcoinDiamond_  hello everyone buy BCD . it will gonna to high as BTCRED so go buy BCD . and enjoy :)
Sun Dec 03 18:39:13 +0000 2017,RT @priyanshsethi2: @Bitcoin @BitcoinDiamond_  hello everyone buy BCD . it will gonna to high as BTCRED so go buy BCD . and enjoy :)
Sun Dec 03 18:39:13 +0000 2017,"Carl Icahn Compares Bitcoin to the Mississippi Bubble - https://t.co/ajTQq1tyaj - #bitcoin
Advertise #ICO:‚Ä¶ https://t.co/gv48pOLvs0"
Sun Dec 03 18:39:13 +0000 2017,South Korea Is Investigating Methods to Tax Bitcoin Users | #VentureCanvas - https://t.co/3FN7G9AJoO
Sun Dec 03 18:39:13 +0000 2017,Beijing's bitcoin ban 'helped China dodge a scary cryptocurrency bubble' https://t.co/uChlwPrPNI https://t.co/RCQd4fgZdh
Sun Dec 03 18:39:13 +0000 2017,#Zuckerberg‚Äôs twin rivals become 1st #Bitcoin billionaires https://t.co/jp2W5816jt https://t.co/I4Xd3sq3Is
Sun Dec 03 18:39:13 +0000 2017,The unlucky man who accidentally threw away bitcoin worth $100 million | #VentureCanvas - https://t.co/4cyiXPGhGg
Sun Dec 03 18:39:13 +0000 2017,"RT @Yamsleezy: Niggas put 25$ into bitcoin make 8$ profit and then get on twitter like ""idk how y'all do that 9-5 shit"""
Sun Dec 03 18:39:14 +0000 2017,RT @jovemnerdnews: Cada Bitcoin est√° valendo quase US$ 10 mil! üí∞ https://t.co/131IOl69DP https://t.co/gJDSsjUbb4
Sun Dec 03 18:39:13 +0000 2017,VISIT: https://t.co/9Ul7YTZAQu #ethereum #Cryptocurrency #bitcoin Nobel Economists Don't Like Bitcoin Because it Di‚Ä¶ https://t.co/u9ERXrr8Da
Sun Dec 03 18:39:14 +0000 2017,RT @ercwl: #Bitcoin right now. https://t.co/BY1D5Hg6f4
Sun Dec 03 18:39:14 +0000 2017,Change of Sentiment Coming For #bitcoin as Bankers Continue Their FUD #digitalassetdb https://t.co/113Qi8jhqC
Sun Dec 03 18:39:14 +0000 2017,RT @culuslb: Do you want to order? DM us or send us an email at contact@culus.co and we will give you a form to complete so we c‚Ä¶ 
Sun Dec 03 18:39:14 +0000 2017,RT @lopp: Invest your time in education before you invest your money in crypto assets; it's like buying insurance against get‚Ä¶ 
Sun Dec 03 18:39:14 +0000 2017,"RT @charliebilello: Bitcoin's market cap just passed Coca-Cola's.

Yes, that Coca-Cola: 
Founded in 1886
4th most valuable brand in the‚Ä¶ "
Sun Dec 03 18:39:14 +0000 2017,RT @priyanshsethi2: @Bitcoin @BitcoinDiamond_  hello everyone buy BCD . it will gonna to high as BTCRED so go buy BCD . and enjoy :)
Sun Dec 03 18:39:14 +0000 2017,VISIT: https://t.co/9Ul7YTZAQu #ethereum #Cryptocurrency #bitcoin Markets Update: Global Bitcoin Prices Exceed $11800 #ico
Sun Dec 03 18:39:14 +0000 2017,De la dd s dis d de la semaine d f f de rde f https://t.co/dDju1OhkVK
Sun Dec 03 18:39:14 +0000 2017,"Bitcoin (Cash) is ""A Peer-to-Peer Electronic Cash System"".... and not just digital gold ... Something to think abou‚Ä¶ https://t.co/ljKX9HhsRB"
Sun Dec 03 18:39:14 +0000 2017,RT @GabrielDVine: #Bitcoin nearly halfway through the exponential rise to take over world money supply https://t.co/rMGrdUX5Ja
Sun Dec 03 18:39:14 +0000 2017,"#bitcoin 
overbought on the houry? Check
overbought on the 4 hr? Check
overbought on the daily? Check
honeybadger j‚Ä¶ https://t.co/zxYM4FqNav"
Sun Dec 03 18:39:14 +0000 2017,VISIT: https://t.co/9Ul7YTZAQu #ethereum #Cryptocurrency #bitcoin Bitcoin Price Surges Again as $12000 Becomes a Likely Target #ico
Sun Dec 03 18:39:15 +0000 2017,VISIT: https://t.co/9Ul7YTZAQu #ethereum #Cryptocurrency #bitcoin The unlucky man who accidentally threw away bitco‚Ä¶ https://t.co/grrpPkj6Bf
Sun Dec 03 18:39:15 +0000 2017,@getongab Bitcoin is a farce. Its value is based on people buying illicit drugs on the Tor browser.
Sun Dec 03 18:39:15 +0000 2017,"ÿ•ÿπŸÑÿßŸÜÿßÿ™ ÿßŸÑÿ•ŸÜÿ™ÿ±ŸÜÿ™ Ÿà‚Äùÿ®ÿ™ ŸÉŸàŸäŸÜ‚Äù Bitcoinÿå ÿßÿØŸÅÿπ ÿ®ÿßŸÑÿ™Ÿä ŸáŸä ÿ£ÿ≠ÿ≥ŸÜ!

https://t.co/lYQaPB5d5w https://t.co/xVl0imI4dp"
Sun Dec 03 18:39:15 +0000 2017,"RT @aeron_aero: Have a look at the upcoming Aerotrips for mobile 
https://t.co/LsXIZL1WYS   
#arn #eth #btc #bitcoin #Ethereum‚Ä¶ "
Sun Dec 03 18:39:15 +0000 2017,"@TheBitcoinNews Are you interested into Bitcoin? Why are you not giving a try to Bitcoin Diamond, the cryptocurrenc‚Ä¶ https://t.co/bGyWQtSfyb"
Sun Dec 03 18:39:15 +0000 2017,RT @Jo1_nagaba: Bitcoin Case at Kenya's Milimani Law Courts Sets Precedence https://t.co/G8Bmhg0Kat via @kenyanwalstreet
Sun Dec 03 18:39:15 +0000 2017,VISIT: https://t.co/9Ul7YTZAQu #ethereum #Cryptocurrency #bitcoin Understanding bitcoin: The pros and cons of digital currency #ico
Sun Dec 03 18:39:16 +0000 2017,Georgia now has over 100 bitcoin ATMs as cryptocurrency interest surges #TechBuzz https://t.co/Ra21HcQgcd https://t.co/8N5SatkcMo
Sun Dec 03 18:39:16 +0000 2017,RT @RT_com: #Zuckerberg‚Äôs twin rivals become 1st #Bitcoin billionaires https://t.co/cK5qGLlRNI https://t.co/gKMAjGEJ6K
Sun Dec 03 18:39:16 +0000 2017,"RT @RichardHeartWin: Apparently interactive brokers (a GIANT brokerage) is going to let you long the CME #Bitcoin futures, but not short!"
Sun Dec 03 18:39:16 +0000 2017,"RT @btc: Bitcoin Giveaway #2: As promised, we will be giving away 1 BTC when we hit 100k followers! Please RT and Follow for‚Ä¶ "
Sun Dec 03 18:39:16 +0000 2017,RT @priyanshsethi2: @Bitcoin @BitcoinDiamond_  hello everyone buy BCD . it will gonna to high as BTCRED so go buy BCD . and enjoy :)
Sun Dec 03 18:39:16 +0000 2017,RT @btc: RT if you‚Äôre invested into #Bitcoin
Sun Dec 03 18:39:16 +0000 2017,"$IOTA will be the next Bitcoin, 6 months on the exchange and already 7th ranked at $2 value but was 0.47 5 days ago‚Ä¶ https://t.co/iyyX7hrcFB"
Sun Dec 03 18:39:16 +0000 2017,"RT @easymineio: The easyMINE Roadshow - Stockholm Blockchain and Bitcoin Conference debrief:
https://t.co/YJLpvQrZea"
Sun Dec 03 18:39:18 +0000 2017,RT @priyanshsethi2: @Bitcoin @BitcoinDiamond_  hello everyone buy BCD . it will gonna to high as BTCRED so go buy BCD . and enjoy :)
Sun Dec 03 18:39:18 +0000 2017,RT @TechCrunch: Bitcoin Bubble Burst will warn you if the bitcoin dream is about to crash¬†down https://t.co/ZVFIrLpzs3 #TCDisrupt
Sun Dec 03 18:39:18 +0000 2017,"RT @ParetoNetwork: Exclusively for Pareto Network, Robert Heffernan from Endotech Analytics discusses Bitcoin Futures and how to trade‚Ä¶ "
Sun Dec 03 18:39:18 +0000 2017,Metascarcity and Bitcoin‚Äôs future https://t.co/iCq7OowtcL https://t.co/PxkY3evOzO
Sun Dec 03 18:39:18 +0000 2017,RT @priyanshsethi2: @Bitcoin @BitcoinDiamond_  hello everyone buy BCD . it will gonna to high as BTCRED so go buy BCD . and enjoy :)
Sun Dec 03 18:39:19 +0000 2017,RT @mrdavidwhitley: Can we all agree to not have any sympathy for anyone who has invested in Bitcoin once the staggeringly obvious Ponzi sc‚Ä¶
Sun Dec 03 18:39:19 +0000 2017,RT @evankirstel: Global Internet of Things (IOT) Market 2017 https://t.co/VY7cegChKO #IoT #InternetOfThings #IIoT #IndustrialIoT‚Ä¶ 
Sun Dec 03 18:39:19 +0000 2017,"RT @kayipadisyon: BTC Dijital altƒ±n
ETH Programlanabilir s√∂zle≈üme ve para
LTC Daha Hƒ±zlƒ± BTC
USDT Fiyat = 1$
XRP Kurumsal √∂deme uzla≈ü‚Ä¶ "
Sun Dec 03 18:39:19 +0000 2017,BlockChannel:PR: CoinLoan Lending Platform Granted Full License https://t.co/epHqaHs3Sd #Bitcoin https://t.co/l9i1BABBeq
Sun Dec 03 18:39:19 +0000 2017,RT @priyanshsethi2: @Bitcoin @BitcoinDiamond_  hello everyone buy BCD . it will gonna to high as BTCRED so go buy BCD . and enjoy :)
Sun Dec 03 18:39:19 +0000 2017,RT @culuslb: Do you want to order? DM us or send us an email at contact@culus.co and we will give you a form to complete so we c‚Ä¶ 
Sun Dec 03 18:39:19 +0000 2017,RT @creditscom: CREDITS will participate in the Blockchain &amp; Bitcoin Conference Cyprus at the 30th of November 2017. We will share‚Ä¶ 
Sun Dec 03 18:39:19 +0000 2017,New post (PR: CoinLoan Lending Platform ...) has been published on  - https://t.co/hYYSqFXjFI #bitcoin‚Ä¶ https://t.co/0raQEiAbUM
Sun Dec 03 18:39:19 +0000 2017,"Bitcoin BTC/USD
Last price¬†$ 11,724.15¬†
+7.49 %

CHAAAAAALE!!! https://t.co/Vv3CLRrhcQ"
Sun Dec 03 18:39:20 +0000 2017,RT @mubashariqbal: ICYMI Last night I published ‚ÄúHow Much is a Bitcoin Worth?‚Äù https://t.co/qshMPJ32CC
Sun Dec 03 18:39:20 +0000 2017,"Block: 506878 
Size: 68.33 kb 
Fee: 0.09$/kb 
Price: 1639.25$ | 0.14014 BTC 
#BitcoinCash $BCH #BCH $BCC #BCC‚Ä¶ https://t.co/55U5VpDyJK"
Sun Dec 03 18:39:20 +0000 2017,RT @lopp: Invest your time in education before you invest your money in crypto assets; it's like buying insurance against get‚Ä¶ 
Sun Dec 03 18:39:20 +0000 2017,RT @culuslb: Do you want to order? DM us or send us an email at contact@culus.co and we will give you a form to complete so we c‚Ä¶ 
Sun Dec 03 18:39:20 +0000 2017,RT @DeadDigitizer: added up that with bitcoin being 11k any of the weed i bought off the deepweb in 2014 is now worth around $250 a g fuck‚Ä¶
Sun Dec 03 18:39:21 +0000 2017,@ThisIsTwist @doxfordbarns @thecharltonhall @Scoopford @TheJournalNews @ChronicleLive Are you interested into Bitco‚Ä¶ https://t.co/Z1GP3wSxLF
Sun Dec 03 18:39:20 +0000 2017,"Bitcoin Bubble Burst will warn you if the bitcoin dream is about to crash down
https://t.co/3EGzvZtLiJ https://t.co/LblvoPYiHP"
Sun Dec 03 18:39:21 +0000 2017,RT @priyanshsethi2: @Bitcoin @BitcoinDiamond_  hello everyone buy BCD . it will gonna to high as BTCRED so go buy BCD . and enjoy :)
Sun Dec 03 18:39:21 +0000 2017,RT @priyanshsethi2: @Bitcoin @BitcoinDiamond_  hello everyone buy BCD . it will gonna to high as BTCRED so go buy BCD . and enjoy :)
Sun Dec 03 18:39:21 +0000 2017,"RT @woonomic: @coindesk This was at the time of the ETF decision, my theory was that Wall St money failed to enter via an ETF, so‚Ä¶ "
Sun Dec 03 18:39:21 +0000 2017,Local Meetups: Growing Bitcoin and Blockchain Tech at the Grassroot Level https://t.co/SWanfGH5F2 #blockchain https://t.co/zqJ9uGtnjI
Sun Dec 03 18:39:21 +0000 2017,The Facebook guys? üòÇ https://t.co/TYaBkygOWT
Sun Dec 03 18:39:22 +0000 2017,"New post: ""Nobel Economists Don't Like Bitcoin Because it Disrupts Traditional Finance"" https://t.co/rR3l4NunVe"
Sun Dec 03 18:39:22 +0000 2017,RT @priyanshsethi2: @Bitcoin @BitcoinDiamond_  hello everyone buy BCD . it will gonna to high as BTCRED so go buy BCD . and enjoy :)
Sun Dec 03 18:39:22 +0000 2017,RT @priyanshsethi2: @Bitcoin @BitcoinDiamond_  hello everyone buy BCD . it will gonna to high as BTCRED so go buy BCD . and enjoy :)
Sun Dec 03 18:39:22 +0000 2017,"New post: ""Markets Update: Global Bitcoin Prices Exceed $11800"" https://t.co/fiJ2apHp8l"
Sun Dec 03 18:39:22 +0000 2017,RT @nousplatform: #Nousplatform has exhibited at Bitcoin Meetup in Kharkiv https://t.co/PZbe4O40uK
Sun Dec 03 18:39:23 +0000 2017,RT @culuslb: Do you want to order? DM us or send us an email at contact@culus.co and we will give you a form to complete so we c‚Ä¶ 
Sun Dec 03 18:39:23 +0000 2017,"RT @Yamsleezy: Niggas put 25$ into bitcoin make 8$ profit and then get on twitter like ""idk how y'all do that 9-5 shit"""
Sun Dec 03 18:39:23 +0000 2017,"New post: ""Bitcoin Price Surges Again as $12000 Becomes a Likely Target"" https://t.co/9mAEINM8tW"
Sun Dec 03 18:39:23 +0000 2017,"@KoenDeLeus Hoe kan je enerzijds zeggen dat bitcoin uit het niets gecreerd wordt, en erna zeggen dat het veel energie verbruikt?"
Sun Dec 03 18:39:23 +0000 2017,RT @woonomic: @coindesk Bitcoin is not just money. It‚Äôs the invention of an Internet-native digital scarcity. And with that break‚Ä¶ 
Sun Dec 03 18:39:23 +0000 2017,RT @priyanshsethi2: @Bitcoin @BitcoinDiamond_  hello everyone buy BCD . it will gonna to high as BTCRED so go buy BCD . and enjoy :)
Sun Dec 03 18:39:24 +0000 2017,"RT @RealTimeCrypto: Bitcoin Price Surges Again as $12,000 Becomes a Likely All-time High Target https://t.co/wtHgJpVtrX"
Sun Dec 03 18:39:24 +0000 2017,"RT @officialmcafee: When I predicted Bitcoin at $500,000 by the end of 2020, it used a model that predicted $5,000 at the end of 2017.‚Ä¶ "
Sun Dec 03 18:39:24 +0000 2017,"New post: ""The unlucky man who accidentally threw away bitcoin worth $100 million"" https://t.co/SQRZ9ITIib"
Sun Dec 03 18:39:24 +0000 2017,"RT @MyFavsTrash: Y'all put 25$ into bitcoin make 8$ profit and then get on twitter like ""idk how y'all do that 9-5 shit"""
Sun Dec 03 18:39:24 +0000 2017,RT @priyanshsethi2: @Bitcoin @BitcoinDiamond_  hello everyone buy BCD . it will gonna to high as BTCRED so go buy BCD . and enjoy :)
Sun Dec 03 18:39:24 +0000 2017,"New post: ""Understanding bitcoin: The pros and cons of digital currency"" https://t.co/DyA5eu5Vkr"
Sun Dec 03 18:39:24 +0000 2017,Ethereum and Bitcoin Cash Futures May Kick off Sooner Than You Think https://t.co/3hstnqEHH6 https://t.co/x3NeNFjKyp
Sun Dec 03 18:39:25 +0000 2017,PR: CoinLoan Lending Platform Granted Full License https://t.co/WuAqwUq7HC #Bitcoin https://t.co/ekXfZgeg0o
Sun Dec 03 18:39:25 +0000 2017,Hashflare Update and My first withdrawl from the platform! (Making about... https://t.co/KSYxGdHZFI via @YouTube‚Ä¶ https://t.co/J5rnLgiatV
Sun Dec 03 18:39:26 +0000 2017,RT @culuslb: Do you want to order? DM us or send us an email at contact@culus.co and we will give you a form to complete so we c‚Ä¶ 
Sun Dec 03 18:39:26 +0000 2017,RT @priyanshsethi2: @Bitcoin @BitcoinDiamond_  hello everyone buy BCD . it will gonna to high as BTCRED so go buy BCD . and enjoy :)
Sun Dec 03 18:39:26 +0000 2017,RT @priyanshsethi2: @Bitcoin @BitcoinDiamond_  hello everyone buy BCD . it will gonna to high as BTCRED so go buy BCD . and enjoy :)
Sun Dec 03 18:39:26 +0000 2017,RT @priyanshsethi2: @Bitcoin @BitcoinDiamond_  hello everyone buy BCD . it will gonna to high as BTCRED so go buy BCD . and enjoy :)
Sun Dec 03 18:39:26 +0000 2017,Â∞ë„ÅóÂâç„Åã„ÇâÊÄù„Å£„Å¶„Åü„Åë„Å©„Çπ„Éû„Éõ„ÅßË¶ã„Çã„Å®ÁõÆÊ¨°„ÅåÂ∞ë„ÄÖÂ§ß„Åç„Åè„Å™„ÅÑ„Åã„ÄÇ https://t.co/YYF2tXplx3
Sun Dec 03 18:39:26 +0000 2017,"RT @yoshi_NYC: Could bitcoin technology revolutionize aid distribution? 
Yoshiyuki YAMAMOTO
https://t.co/WI5IN1Z9jk"
Sun Dec 03 18:39:26 +0000 2017,RT @CBSNews: Bitcoin exchange Coinbase ordered to hand over customer data to IRS https://t.co/bnEuAubE5Q https://t.co/lRLk60drD3
Sun Dec 03 18:39:27 +0000 2017,RT @DeadDigitizer: added up that with bitcoin being 11k any of the weed i bought off the deepweb in 2014 is now worth around $250 a g fuck‚Ä¶
Sun Dec 03 18:39:27 +0000 2017,"@aantonop And what is a ""shill"" in this context? (Bitcoin core shills)"
Sun Dec 03 18:39:28 +0000 2017,"@CreativeName4 Are you interested into Bitcoin? Why are you not giving a try to Bitcoin Diamond, the cryptocurrency‚Ä¶ https://t.co/0kxXtsd2o1"
Sun Dec 03 18:39:29 +0000 2017,RT @DeadDigitizer: added up that with bitcoin being 11k any of the weed i bought off the deepweb in 2014 is now worth around $250 a g fuck‚Ä¶
Sun Dec 03 18:39:29 +0000 2017,RT @DeadDigitizer: added up that with bitcoin being 11k any of the weed i bought off the deepweb in 2014 is now worth around $250 a g fuck‚Ä¶
Sun Dec 03 18:39:29 +0000 2017,RT @priyanshsethi2: @Bitcoin @BitcoinDiamond_  hello everyone buy BCD . it will gonna to high as BTCRED so go buy BCD . and enjoy :)
Sun Dec 03 18:39:29 +0000 2017,"RT @nondualnelly: The 10 #bitcoin commandments

1. ‚ÄúI call it bcash‚Äù
2. Buy the f$&amp;kn dip
3. HODL
4. Never short the corn
5. Secure y‚Ä¶ "
Sun Dec 03 18:39:29 +0000 2017,RT @priyanshsethi2: @Bitcoin @BitcoinDiamond_  hello everyone buy BCD . it will gonna to high as BTCRED so go buy BCD . and enjoy :)
Sun Dec 03 18:39:29 +0000 2017,"RT @antoniopiuramon: #ExPASSET ""Italia""  Il primo evento !!! in Polonia
‚ñ∂Ô∏è Nuova piattaforma che opera nel trading bitcoin e... https://t.c‚Ä¶"
Sun Dec 03 18:39:30 +0000 2017,RT @BrianLockhart: @pierre_rochard @bitstein Just finished Noded 0.3.0 - @saifedean is on to something re: cryptocarnivore conference!‚Ä¶ 
Sun Dec 03 18:39:30 +0000 2017,RT @priyanshsethi2: @Bitcoin @BitcoinDiamond_  hello everyone buy BCD . it will gonna to high as BTCRED so go buy BCD . and enjoy :)
Sun Dec 03 18:39:30 +0000 2017,Bitcoin Breakout: Price Spikes $500 in One Hour to Top $11.5k https://t.co/564eVpPaTR https://t.co/b2JWCAizel
Sun Dec 03 18:39:30 +0000 2017,RT @RT_com: #Zuckerberg‚Äôs twin rivals become 1st #Bitcoin billionaires https://t.co/cK5qGLlRNI https://t.co/gKMAjGEJ6K
Sun Dec 03 18:39:31 +0000 2017,"RT @CryptoHODL2k: #Bitcoin HODL shirt giveaway!!

RT and Follow for a chance to win. Winner will be chosen at random after this reach‚Ä¶ "
Sun Dec 03 18:39:30 +0000 2017,RT @priyanshsethi2: @Bitcoin @BitcoinDiamond_  hello everyone buy BCD . it will gonna to high as BTCRED so go buy BCD . and enjoy :)
Sun Dec 03 18:39:30 +0000 2017,How Governments Are Reacting to ICOs - https://t.co/GIkcYgp5ke  #blockchain #cryptonews #altcoin #bitcoin #bitpoint https://t.co/gKSHvVscUD
Sun Dec 03 18:39:31 +0000 2017,"RT @nousplatform: Got a question? Get an answer! See you on #reddit: https://t.co/9YbBhrcxzi
#blockchain #fintech #ICO #Bounty #token‚Ä¶ "
Sun Dec 03 18:39:32 +0000 2017,RT @DeadDigitizer: added up that with bitcoin being 11k any of the weed i bought off the deepweb in 2014 is now worth around $250 a g fuck‚Ä¶
Sun Dec 03 18:39:33 +0000 2017,RT @priyanshsethi2: @Bitcoin @BitcoinDiamond_  hello everyone buy BCD . it will gonna to high as BTCRED so go buy BCD . and enjoy :)
Sun Dec 03 18:39:33 +0000 2017,RT @priyanshsethi2: @Bitcoin @BitcoinDiamond_  hello everyone buy BCD . it will gonna to high as BTCRED so go buy BCD . and enjoy :)
Sun Dec 03 18:39:33 +0000 2017,"RT @Changelly_team: Please welcome $DGB coins on Changelly instant exchange available for #Bitcoin, #Ethereum and 70+ coins! Visa/MC pa‚Ä¶ "
Sun Dec 03 18:39:33 +0000 2017,Georgia now has over 100 bitcoin ATMs as cryptocurrency interest surges  (via @NewsfusionApps #Bitcoin News) https://t.co/BW4yJxRAlJ
Sun Dec 03 18:39:34 +0000 2017,RT @priyanshsethi2: @Bitcoin @BitcoinDiamond_  hello everyone buy BCD . it will gonna to high as BTCRED so go buy BCD . and enjoy :)
Sun Dec 03 18:39:34 +0000 2017,"RT @moonkin48: On August 1, Bitcoin left beta and became available to the world as Bitcoin Cash.

Upgrade your BTC to BCH now for‚Ä¶ "
Sun Dec 03 18:39:34 +0000 2017,Biggest #Bitcoin #Altcoin #Exchange in #Indonesia. #Trading #Cryptocurrency $BTC $LTC $ETH $ETC $XRP $BTS $DOGE #NEO https://t.co/DSnKpsiyCA
Sun Dec 03 18:39:35 +0000 2017,RT @lopp: Invest your time in education before you invest your money in crypto assets; it's like buying insurance against get‚Ä¶ 
Sun Dec 03 18:39:35 +0000 2017,Japan Approves Another Four New Bitcoin Exchanges https://t.co/tnCsOsQFDk https://t.co/UsA3uR16Ma
Sun Dec 03 18:39:35 +0000 2017,RT @Lend0it: üèÖ@Lend0it announces a new partnership with RSK Smart Contracts - the first open-source smart contract platform with‚Ä¶ 
Sun Dec 03 18:39:35 +0000 2017,"@igamingbuzz @MMT_legal Are you interested into Bitcoin? Why are you not giving a try to Bitcoin Diamond, the crypt‚Ä¶ https://t.co/Go2iO1Ce8D"
Sun Dec 03 18:39:36 +0000 2017,"I need  your bitcoin help plsüôÉüôÉ

1D4psaqybUUoxdhAE7YM8YApVEJiED3hDv

#bitcoin #cryptocurrency #steemit #alts  $btc‚Ä¶ https://t.co/r2EX6Ka1sH"
Sun Dec 03 18:39:36 +0000 2017,"RT @NickSzabo4: Bitcoin has or is evolving through several stages of value transfer:
1. small value transfers at layer 1 when Bitco‚Ä¶ "
Sun Dec 03 18:39:36 +0000 2017,"RT @UpsUpsAndDowns: Bitcoin Cash - Where There's Smoke, There's Fire - Trade Structure

1. Insight into another cause of BTC/BCH price‚Ä¶ "
Sun Dec 03 18:39:36 +0000 2017,RT @priyanshsethi2: @Bitcoin @BitcoinDiamond_  hello everyone buy BCD . it will gonna to high as BTCRED so go buy BCD . and enjoy :)
Sun Dec 03 18:39:36 +0000 2017,"RT @afdi_hn: i will say the reasons of why I chose bytecoin among a thousand coins..

1- Anonymity  100%
2-Low fees 
3 Speed tra‚Ä¶ "
Sun Dec 03 18:39:36 +0000 2017,RT @priyanshsethi2: @Bitcoin @BitcoinDiamond_  hello everyone buy BCD . it will gonna to high as BTCRED so go buy BCD . and enjoy :)
Sun Dec 03 18:39:36 +0000 2017,"RT @CipherCrypto: First 1,000 followers will have the chance to win 100 USD in Bitcoin. Help us get on our feet, as we will continue‚Ä¶ "
Sun Dec 03 18:39:36 +0000 2017,Bitcoin Cash Price Looks for Stability Above $1600 https://t.co/EF9wK3liOC https://t.co/CCho3LoQ8J
Sun Dec 03 18:39:37 +0000 2017,The Bots Of Bitcoin https://t.co/zGmDnSZ2qm #bitcoin https://t.co/fTi7COuMyU
Sun Dec 03 18:39:37 +0000 2017,RT @priyanshsethi2: @Bitcoin @BitcoinDiamond_  hello everyone buy BCD . it will gonna to high as BTCRED so go buy BCD . and enjoy :)
Sun Dec 03 18:39:37 +0000 2017,Bitcoin Accepted Here Sticker Orange Capital Letters 316x116mm https://t.co/SyWry7JjnU
Sun Dec 03 18:39:37 +0000 2017,McAfee Bullish on #Bitcoin Price Reaching $1 Million by 2020 .#cryptocurrencies  are Hot #market  . $ETHUSD‚Ä¶ https://t.co/LImU8hAQr5
Sun Dec 03 18:39:38 +0000 2017,RT @priyanshsethi2: @Bitcoin @BitcoinDiamond_  hello everyone buy BCD . it will gonna to high as BTCRED so go buy BCD . and enjoy :)
Sun Dec 03 18:39:38 +0000 2017,ECB Wants Digital Cash for Banks to Keep up With Bitcoin #bitcoin #BitcoinNews https://t.co/GSjGzadC2j
Sun Dec 03 18:39:39 +0000 2017,"RT @jratcliff: Understanding paid bitcoin core shills.

I must confess, I am a paid bitcoin core shill since early 2013.

I have b‚Ä¶ "
Sun Dec 03 18:39:38 +0000 2017,Bitcoin investors hoping to make billions may end up with a sack of fool‚Äôs gold https://t.co/s8Ot0f9Rcs #bitcoin https://t.co/PzTOddjCVw
Sun Dec 03 18:39:40 +0000 2017,How Winklevoss twins used $11m Facebook payout to become world's first Bitcoin billionaires https://t.co/Po9uBE7rBE‚Ä¶ https://t.co/4QzDfMCr5p
Sun Dec 03 18:39:40 +0000 2017,RT @priyanshsethi2: @Bitcoin @BitcoinDiamond_  hello everyone buy BCD . it will gonna to high as BTCRED so go buy BCD . and enjoy :)
Sun Dec 03 18:39:41 +0000 2017,RT @priyanshsethi2: @Bitcoin @BitcoinDiamond_  hello everyone buy BCD . it will gonna to high as BTCRED so go buy BCD . and enjoy :)
Sun Dec 03 18:39:41 +0000 2017,RT @faznet: Ist #Bitcoin das Versprechen auf eine Zukunft ohne m√§chtige Banken und g√§ngelnde Staaten ‚Äì oder das j√ºngste Spekula‚Ä¶ 
Sun Dec 03 18:39:42 +0000 2017,RT @RT_com: #Zuckerberg‚Äôs twin rivals become 1st #Bitcoin billionaires https://t.co/cK5qGLlRNI https://t.co/gKMAjGEJ6K
Sun Dec 03 18:39:42 +0000 2017,Try #Bitshares Decentralized Exchange. Trading #Bitcoin #Altcoins. $BCC $NAV $VTC $DGB $SC $XEM $STEEM $XVG https://t.co/x9vGFNGMPH
Sun Dec 03 18:39:42 +0000 2017,RT @priyanshsethi2: @Bitcoin @BitcoinDiamond_  hello everyone buy BCD . it will gonna to high as BTCRED so go buy BCD . and enjoy :)
Sun Dec 03 18:39:42 +0000 2017,RT @priyanshsethi2: @Bitcoin @BitcoinDiamond_  hello everyone buy BCD . it will gonna to high as BTCRED so go buy BCD . and enjoy :)
Sun Dec 03 18:39:42 +0000 2017,ECB Wants Digital Cash for Banks to Keep up With Bitcoin https://t.co/h0CExyxwq8 https://t.co/yHZhwYWmK1
Sun Dec 03 18:39:42 +0000 2017,"The last line of this article ""It remains to be seen whether Mark Zuckerberg will claim credit for the twins‚Äô wise‚Ä¶ https://t.co/NHkSMu85Ds"
Sun Dec 03 18:39:43 +0000 2017,RT @priyanshsethi2: @Bitcoin @BitcoinDiamond_  hello everyone buy BCD . it will gonna to high as BTCRED so go buy BCD . and enjoy :)
Sun Dec 03 18:39:43 +0000 2017,"RT @InfoNebeus: Solutions for crowdfunding

It's time to open up the crypto-economy doors for Charities. A charity crowdfunding pla‚Ä¶ "
Sun Dec 03 18:39:42 +0000 2017,Here's How Rich You Would Be If You Bought $1000 Worth of Bitcoin a Year Ago https://t.co/ZrziNxspRw #bitcoin https://t.co/iPLQb7Y07z
Sun Dec 03 18:39:43 +0000 2017,"RT @Yamsleezy: Niggas put 25$ into bitcoin make 8$ profit and then get on twitter like ""idk how y'all do that 9-5 shit"""
Sun Dec 03 18:39:43 +0000 2017,5 Buy and Sell bitcoins online #BuyBitcoin #Cryptocurrency #Bitcoin  #BTS https://t.co/w9nWT6FU3J
Sun Dec 03 18:39:43 +0000 2017,Bitcoin Searched On Google More Than Trump For First Time Ever https://t.co/47U1bVyxRG #bitcoin
Sun Dec 03 18:39:43 +0000 2017,#Zuckerberg‚Äôs twin rivals become 1st #Bitcoin billionaires https://t.co/KSqa5iIquz https://t.co/ShHgCLtK8w
Sun Dec 03 18:39:44 +0000 2017,@BlackBoxStocksT Send BTC to the site. Exchange the Bitcoin for BCC (bitconnect coin) then loan the coin to the sit‚Ä¶ https://t.co/CKxIM4iAgl
Sun Dec 03 18:39:44 +0000 2017,RT @priyanshsethi2: @Bitcoin @BitcoinDiamond_  hello everyone buy BCD . it will gonna to high as BTCRED so go buy BCD . and enjoy :)
Sun Dec 03 18:39:44 +0000 2017,RT @RT_com: #Zuckerberg‚Äôs twin rivals become 1st #Bitcoin billionaires https://t.co/cK5qGLlRNI https://t.co/gKMAjGEJ6K
Sun Dec 03 18:39:44 +0000 2017,@Tylerzwise Bitcoin will be at half a million USD by 2020.
Sun Dec 03 18:39:44 +0000 2017,RT @DeadDigitizer: added up that with bitcoin being 11k any of the weed i bought off the deepweb in 2014 is now worth around $250 a g fuck‚Ä¶
Sun Dec 03 18:39:44 +0000 2017,"Bitcoin, Ignorance, and You https://t.co/MlIjvwq8to #bitcoin https://t.co/JqVeiuJ9XT"
Sun Dec 03 18:39:45 +0000 2017,RT @priyanshsethi2: @Bitcoin @BitcoinDiamond_  hello everyone buy BCD . it will gonna to high as BTCRED so go buy BCD . and enjoy :)
Sun Dec 03 18:39:45 +0000 2017,"@BlockChannel Are you interested into Bitcoin? Why are you not giving a try to Bitcoin Diamond, the cryptocurrency‚Ä¶ https://t.co/y6XJJ6ydqj"
Sun Dec 03 18:39:45 +0000 2017,"RT @onurgozupek: #Bitcoin sanal para deƒüildir, dijital paradƒ±r, paranƒ±n dijital halidir. ƒ∞nternet bankacƒ±lƒ±ƒüƒ±nda g√∂rd√ºƒü√ºn√ºz para san‚Ä¶ "
Sun Dec 03 18:39:45 +0000 2017,"RT @LevelNetwork: Official LevelNet white paper

https://t.co/bhzQx7zBO4

#blockchain #bitcoin #ethereum #cryptocurrency #ico‚Ä¶ "
Sun Dec 03 18:39:45 +0000 2017,RT @priyanshsethi2: @Bitcoin @BitcoinDiamond_  hello everyone buy BCD . it will gonna to high as BTCRED so go buy BCD . and enjoy :)
Sun Dec 03 18:39:45 +0000 2017,Economist Jim Rickards on gold versus bitcoin ‚Äî intrinsic value is meaningless for both but the bitcoin prices aren‚Ä¶ https://t.co/ht1u8dfso0
Sun Dec 03 18:39:46 +0000 2017,RT @priyanshsethi2: @Bitcoin @BitcoinDiamond_  hello everyone buy BCD . it will gonna to high as BTCRED so go buy BCD . and enjoy :)
Sun Dec 03 18:39:46 +0000 2017,"RT @wheezywaiter: Stay bitcoin, Ponyboy."
Sun Dec 03 18:39:46 +0000 2017,"RT @Yamsleezy: Niggas put 25$ into bitcoin make 8$ profit and then get on twitter like ""idk how y'all do that 9-5 shit"""
Sun Dec 03 18:39:46 +0000 2017,Try #Bitshares Decentralized Exchange. Trading #Bitcoin #Altcoins. $RDD $LSK $FCT $NXT $NXC $CLAM $GNT $DCR https://t.co/x9vGFNGMPH
Sun Dec 03 18:39:46 +0000 2017,RT @priyanshsethi2: @Bitcoin @BitcoinDiamond_  hello everyone buy BCD . it will gonna to high as BTCRED so go buy BCD . and enjoy :)
Sun Dec 03 18:39:47 +0000 2017,"@UncleJack123 @namewise Referencing bitcoin as a singular bubble is a patent misnomer, and betrays ignorance of its‚Ä¶ https://t.co/UBRyObIfP2"
Sun Dec 03 18:39:47 +0000 2017,RT @priyanshsethi2: @Bitcoin @BitcoinDiamond_  hello everyone buy BCD . it will gonna to high as BTCRED so go buy BCD . and enjoy :)
Sun Dec 03 18:39:47 +0000 2017,RT @priyanshsethi2: @Bitcoin @BitcoinDiamond_  hello everyone buy BCD . it will gonna to high as BTCRED so go buy BCD . and enjoy :)
Sun Dec 03 18:39:47 +0000 2017,RT @priyanshsethi2: @Bitcoin @BitcoinDiamond_  hello everyone buy BCD . it will gonna to high as BTCRED so go buy BCD . and enjoy :)
Sun Dec 03 18:39:47 +0000 2017,Bitcoin Bubble Burst will warn you if the bitcoin dream is about to crash down https://t.co/3NvfUIjNZr #bitcoin https://t.co/ybDBHEBOrQ
Sun Dec 03 18:39:47 +0000 2017,"#freedman.club
FSA —É–∑–∞–∫–æ–Ω–∏–ª–æ –æ—á–µ—Ä–µ–¥–Ω—ã–µ Bitcoin-–æ–±–º–µ–Ω–Ω–∏–∫–∏ –≤ –Ø–ø–æ–Ω–∏–∏
–ß–∏—Ç–∞—Ç—å –ø–æ–ª–Ω–æ—Å—Ç—å—é: https://t.co/gkWP6DZFSV https://t.co/q5AITmY7gw"
Sun Dec 03 18:39:48 +0000 2017,RT @RT_com: #Zuckerberg‚Äôs twin rivals become 1st #Bitcoin billionaires https://t.co/cK5qGLlRNI https://t.co/gKMAjGEJ6K
Sun Dec 03 18:39:48 +0000 2017,@broad__sword I can show you how to let your #Bitcoin work for you through the power of #compounding. 100% automation.
Sun Dec 03 18:39:49 +0000 2017,"RT @gregorx8c: Bitcoin Price Surges Again as $12,000 Becomes a Likely All-time High Target https://t.co/sc3RnvymFf via @themerklenews #x8cu‚Ä¶"
Sun Dec 03 18:39:49 +0000 2017,RT @priyanshsethi2: @Bitcoin @BitcoinDiamond_  hello everyone buy BCD . it will gonna to high as BTCRED so go buy BCD . and enjoy :)
Sun Dec 03 18:39:49 +0000 2017,RT @qatnology: ŸÖÿß ÿ¥ÿßÿ° ÿßŸÑŸÑŸá Ÿàÿßÿ≠ÿØ ŸÖŸÜ ÿßŸÑÿßÿÆŸàÿ© ÿßŸÑŸÖÿ™ÿßÿ®ÿπŸäŸÜ ÿ®ÿßÿπ ÿπŸÖŸÑÿßÿ™ Bitcoin ŸÖŸÇÿßÿ®ŸÑ 385 ÿßŸÑŸÅ ÿØŸàŸÑÿßÿ± üòç https://t.co/2374vShDZA
Sun Dec 03 18:39:49 +0000 2017,RT @priyanshsethi2: @Bitcoin @BitcoinDiamond_  hello everyone buy BCD . it will gonna to high as BTCRED so go buy BCD . and enjoy :)
Sun Dec 03 18:39:49 +0000 2017,"@pdawg74 Are you interested into Bitcoin? Why are you not giving a try to Bitcoin Diamond, the cryptocurrency that‚Ä¶ https://t.co/Ny7m2NwPUu"
Sun Dec 03 18:39:50 +0000 2017,tears https://t.co/KlhrafkZuI
Sun Dec 03 18:39:49 +0000 2017,"–ë–∏—Ç–∫–æ–∏–Ω —Å—Ç–∞–ª —à–µ—Å—Ç–æ–π –≤–∞–ª—é—Ç–æ–π –≤ –º–∏—Ä–µ –æ–±–æ–π–¥—è —Ñ—É–Ω—Ç, —Ä—É–±–ª—å –∏ –≤–æ–Ω—É 
–ü–æ–¥—Ä–æ–±–Ω–µ–µ: https://t.co/vRf8l48e4D
#–±–∏—Ç–∫–æ–∏–Ω #bitcoin‚Ä¶ https://t.co/DlM35wO2iL"
Sun Dec 03 18:39:50 +0000 2017,"RT @Yamsleezy: Niggas put 25$ into bitcoin make 8$ profit and then get on twitter like ""idk how y'all do that 9-5 shit"""
Sun Dec 03 18:39:50 +0000 2017,"RT @InfoNebeus: Our ICO is now live. 897 590 tokens are sold!
Join our ICO today and enjoy the benefits of cryptocurrency ecosystem‚Ä¶ "
Sun Dec 03 18:39:51 +0000 2017,RT @priyanshsethi2: @Bitcoin @BitcoinDiamond_  hello everyone buy BCD . it will gonna to high as BTCRED so go buy BCD . and enjoy :)
Sun Dec 03 18:39:51 +0000 2017,RT @priyanshsethi2: @Bitcoin @BitcoinDiamond_  hello everyone buy BCD . it will gonna to high as BTCRED so go buy BCD . and enjoy :)
Sun Dec 03 18:39:51 +0000 2017,"RT @CipherCrypto: First 1,000 followers will have the chance to win 100 USD in Bitcoin. Help us get on our feet, as we will continue‚Ä¶ "
Sun Dec 03 18:39:51 +0000 2017,"‚¨áÔ∏è Sell! üî• (10:39:51 am PDT)
Price: 11763.50 (+/- 0.5)
Close: 11756.72 (+/- 0.5)
Stop: 11766.50 (+/- 0.5)
#gdax‚Ä¶ https://t.co/C3NIh7qpIb"
Sun Dec 03 18:39:51 +0000 2017,"RT @ivanmilan93: Waves is growing!
#bitcoin #waves #altcoins #HODL #ftb #fincoin https://t.co/EDkAFu70Ca"
Sun Dec 03 18:39:51 +0000 2017,RT @DeadDigitizer: added up that with bitcoin being 11k any of the weed i bought off the deepweb in 2014 is now worth around $250 a g fuck‚Ä¶
Sun Dec 03 18:39:52 +0000 2017,RT @priyanshsethi2: @Bitcoin @BitcoinDiamond_  hello everyone buy BCD . it will gonna to high as BTCRED so go buy BCD . and enjoy :)
Sun Dec 03 18:39:52 +0000 2017,RT @priyanshsethi2: @Bitcoin @BitcoinDiamond_  hello everyone buy BCD . it will gonna to high as BTCRED so go buy BCD . and enjoy :)
Sun Dec 03 18:39:52 +0000 2017,RT @CryptoBoomNews: How many bitcoins are gone forever??  #bitcoin #BTC #crypto #cryptocurrency https://t.co/oOBEvn5M9J
Sun Dec 03 18:39:52 +0000 2017,Statements like this (from a CNBC article) are starting to convince me there REALLY MIGHT BE SOMETHING interesting‚Ä¶ https://t.co/fluOtQWhwP
Sun Dec 03 18:39:53 +0000 2017,RT @priyanshsethi2: @Bitcoin @BitcoinDiamond_  hello everyone buy BCD . it will gonna to high as BTCRED so go buy BCD . and enjoy :)
Sun Dec 03 18:39:53 +0000 2017,Pilot Program KuvaCash Seeks to Bring Dash to Zimbabwe #bitcoin .. https://t.co/ECCJl2FfFe
Sun Dec 03 18:39:53 +0000 2017,"RT @earthtokens: Find out more about the impactChoice hotel solutions, supported by the Natural Asset Exchange and EARTH:‚Ä¶ "
Sun Dec 03 18:39:53 +0000 2017,RT @priyanshsethi2: @Bitcoin @BitcoinDiamond_  hello everyone buy BCD . it will gonna to high as BTCRED so go buy BCD . and enjoy :)
Sun Dec 03 18:39:54 +0000 2017,"It's the heck we did love use to calling ""All In One Place""! See by yourself. Learn about #bitcoin step by step fro‚Ä¶ https://t.co/4v1SUUzHfd"
Sun Dec 03 18:39:54 +0000 2017,One Bitcoin https://t.co/ZSqaTmuOxv
Sun Dec 03 18:39:54 +0000 2017,South Korea Is Investigating Methods to Tax Bitcoin Users https://t.co/I3s6bZMpJt https://t.co/SNtGqq7Wi0
Sun Dec 03 18:39:54 +0000 2017,Fui rir da galera que investia em bitcoin e olha onde estamos........
Sun Dec 03 18:39:54 +0000 2017,RT @priyanshsethi2: @Bitcoin @BitcoinDiamond_  hello everyone buy BCD . it will gonna to high as BTCRED so go buy BCD . and enjoy :)
Sun Dec 03 18:39:55 +0000 2017,RT @imteddybless: i don't understand bitcoin and i simply do not wish to
Sun Dec 03 18:39:55 +0000 2017,"RT @landonmutch: @ToneVays Yo, I broke that story, not https://t.co/vMGioPR2e7 lol https://t.co/A5wBvTTJzL"
Sun Dec 03 18:39:55 +0000 2017,RT @RT_com: #Zuckerberg‚Äôs twin rivals become 1st #Bitcoin billionaires https://t.co/cK5qGLlRNI https://t.co/gKMAjGEJ6K
Sun Dec 03 18:39:55 +0000 2017,"@alt_bit_coins Are you interested into Bitcoin? Why are you not giving a try to Bitcoin Diamond, the cryptocurrency‚Ä¶ https://t.co/JYOPBlYRe6"
Sun Dec 03 18:39:55 +0000 2017,RT @priyanshsethi2: @Bitcoin @BitcoinDiamond_  hello everyone buy BCD . it will gonna to high as BTCRED so go buy BCD . and enjoy :)
Sun Dec 03 18:39:56 +0000 2017,$ARDR to go up further? #Ardor #bitcoin $BTC @ArdorPlatform
Sun Dec 03 18:39:57 +0000 2017,"RT @Worthy_Choice: –ö—É–ø–∏—Ç—å –∫—Ä–∏–ø—Ç–æ–≤–∞–ª—é—Ç—É –∑–∞–∫–æ–Ω–Ω–æ –∏ –ø—Ä–æ—Å—Ç–æ.
–°–º–æ—Ç—Ä–∞ –∞–Ω–∞–ª–∏–∑ –≤–∞—Ä–∏–∞–Ω—Ç–æ–≤ –ø–æ–∫—É–ø–∫–∏ –±–∏—Ç–∫–æ–∏–Ω–∞ –∏ –¥—Ä—É–≥–∏—Ö –≤–∞–ª—é—Ç –Ω–∞ Youtube –∫–∞–Ω–∞–ª–µ‚Ä¶ "
Sun Dec 03 18:39:57 +0000 2017,@alperrrrrrrrr Bitcoin sonsuza kadar b√∂l√ºnme √∂zelliƒüine sahip ama
Sun Dec 03 18:39:57 +0000 2017,RT @priyanshsethi2: @Bitcoin @BitcoinDiamond_  hello everyone buy BCD . it will gonna to high as BTCRED so go buy BCD . and enjoy :)
Sun Dec 03 18:39:57 +0000 2017,RT @priyanshsethi2: @Bitcoin @BitcoinDiamond_  hello everyone buy BCD . it will gonna to high as BTCRED so go buy BCD . and enjoy :)
Sun Dec 03 18:39:57 +0000 2017,RT @priyanshsethi2: @Bitcoin @BitcoinDiamond_  hello everyone buy BCD . it will gonna to high as BTCRED so go buy BCD . and enjoy :)
Sun Dec 03 18:39:58 +0000 2017,RT @priyanshsethi2: @Bitcoin @BitcoinDiamond_  hello everyone buy BCD . it will gonna to high as BTCRED so go buy BCD . and enjoy :)
Sun Dec 03 18:39:58 +0000 2017,NASDAQ plans to let investors bet on Bitcoin‚Äôs rise and fall https://t.co/jEdNpmW4aQ
Sun Dec 03 18:39:58 +0000 2017,RT @priyanshsethi2: @Bitcoin @BitcoinDiamond_  hello everyone buy BCD . it will gonna to high as BTCRED so go buy BCD . and enjoy :)
Sun Dec 03 18:39:59 +0000 2017,RT @priyanshsethi2: @Bitcoin @BitcoinDiamond_  hello everyone buy BCD . it will gonna to high as BTCRED so go buy BCD . and enjoy :)
Sun Dec 03 18:39:58 +0000 2017,"Bitcoin Diamond! Seriously? IMHO. Downfall of BTC will come from uncontrolled forking than tough govt regulations.
 https://t.co/7Jh2ZRIcOr"
Sun Dec 03 18:39:59 +0000 2017,I still do not understand BitCoin.
Sun Dec 03 18:39:59 +0000 2017,Marquei como visto The Big Bang Theory - 11x9 - The Bitcoin Entanglement https://t.co/pn13r8sZ6s #bancodeseries
Sun Dec 03 18:39:59 +0000 2017,Bitcoin Is 6th Largest Currency In The World By Circulation ... https://t.co/FBnha5jAtg
Sun Dec 03 18:39:59 +0000 2017,RT @BTCTN: PR: CoinLoan Lending Platform Granted Full License https://t.co/m2FG9VXd9f #Bitcoin https://t.co/iSybPG4Ms1
Sun Dec 03 18:39:59 +0000 2017,Is Bitcoin Diamond a Better Bitcoin? https://t.co/XI3tYFO3W9 https://t.co/qsRcIiXFPd
Sun Dec 03 18:40:00 +0000 2017,"@CryptooCurrency Are you interested into Bitcoin? Why are you not giving a try to Bitcoin Diamond, the cryptocurren‚Ä¶ https://t.co/zPT8gll4I7"
Sun Dec 03 18:40:00 +0000 2017,"https://t.co/hBuBVqylAT! BUILT FOR TRADERS, BY TRADERS! #crypto #ethereum #altcoins #bitcoin #btc #cryptocurrency https://t.co/P4UzUfSbJ3"
Sun Dec 03 18:40:00 +0000 2017,"RT @Yamsleezy: Niggas put 25$ into bitcoin make 8$ profit and then get on twitter like ""idk how y'all do that 9-5 shit"""
Sun Dec 03 18:40:00 +0000 2017,RT @priyanshsethi2: @Bitcoin @BitcoinDiamond_  hello everyone buy BCD . it will gonna to high as BTCRED so go buy BCD . and enjoy :)
Sun Dec 03 18:40:01 +0000 2017,"RT @DaiIyMemeSuppIy: *buys 0.000001 bitcoin*

*changes bio* 

investor &amp; entrepreneur üí∞ $BTC üíµ living life in the sky ‚úàÔ∏è ‚òÅÔ∏è eat, sleep, bit‚Ä¶"
Sun Dec 03 18:40:02 +0000 2017,"üòÇ https://t.co/lCW1rwfNWt üòÇ
#adult
#android
#apple
#art
#ass
#bbc
#beach
#bitcoin
#blowjob
#booty
#breaking‚Ä¶ https://t.co/eZ5HFEELGy"
Sun Dec 03 18:40:02 +0000 2017,"RT @LevelNetwork: Official LevelNet white paper

https://t.co/bhzQx7zBO4

#blockchain #bitcoin #ethereum #cryptocurrency #ico‚Ä¶ "
Sun Dec 03 18:40:02 +0000 2017,RT @priyanshsethi2: @Bitcoin @BitcoinDiamond_  hello everyone buy BCD . it will gonna to high as BTCRED so go buy BCD . and enjoy :)
Sun Dec 03 18:40:02 +0000 2017,RT @priyanshsethi2: @Bitcoin @BitcoinDiamond_  hello everyone buy BCD . it will gonna to high as BTCRED so go buy BCD . and enjoy :)
Sun Dec 03 18:40:02 +0000 2017,"From #Reddit #Bitcoin: Less than 5% of the people in the Western World have bitcoins. People talk about it, but don‚Ä¶ https://t.co/Ntkj9KVFaO"
Sun Dec 03 18:40:03 +0000 2017,"Just a thought: Will @realDonaldTrump  ever start taking credit for rising BTC prices?

Bitcoin Price Surges Again‚Ä¶ https://t.co/UaGhmQ6n05"
Sun Dec 03 18:40:03 +0000 2017,"1 bitcoin = $11746.7 / 9878.211‚Ç¨
1 bitcoin-cash = $1639.25 / 1378.502‚Ç¨
1 ethereum = $480.277 / 403.881‚Ç¨
#bitcoin #ethereum #bitcoincash"
Sun Dec 03 18:40:03 +0000 2017,RT @BTCTN: ECB Wants Digital Cash for Banks to Keep up With Bitcoin https://t.co/zijVkcLUJG #Bitcoin https://t.co/eN5NH71nSM
Sun Dec 03 18:40:03 +0000 2017,"RT @BTCTN: Coinsource Adds 18 Bitcoin ATMs in Atlanta, Among Ten Most Unbanked US Cities https://t.co/oWXQ5qfzpK #Bitcoin https://t.co/ZMEh‚Ä¶"
Sun Dec 03 18:40:03 +0000 2017,"If #Peercoin were a country, it would be Niue. #Bitcoin would be Morocco. More on https://t.co/1GQz5CK82w https://t.co/qafssvv1l6"
Sun Dec 03 18:40:04 +0000 2017,"ÁèæÂú®„ÅÆ‰æ°Ê†º„ÅØ 1,310,154ÂÜÜ„Åß„Åô„ÄÇÂâçÂõûÊØî„ÅØ-263ÂÜÜ(-0.02%)„Åß„Åô„ÄÇ #„Éì„ÉÉ„Éà„Ç≥„Ç§„É≥ #bitcoin #btc via @bitFlyer"
Sun Dec 03 18:40:04 +0000 2017,"RT @_jonasschnelli_: That feeling you get when you wait on the airport, see a rasta dude trading a two digit amount of Bitcoins next to‚Ä¶ "
Sun Dec 03 18:40:04 +0000 2017,RT @priyanshsethi2: @Bitcoin @BitcoinDiamond_  hello everyone buy BCD . it will gonna to high as BTCRED so go buy BCD . and enjoy :)
Sun Dec 03 18:40:04 +0000 2017,RT @priyanshsethi2: @Bitcoin @BitcoinDiamond_  hello everyone buy BCD . it will gonna to high as BTCRED so go buy BCD . and enjoy :)
Sun Dec 03 18:40:04 +0000 2017,"RT @francispouliot_: Bitcoin is world's 6th largest currency. No government backing, no central bank, not marketing department, no hiera‚Ä¶ "
Sun Dec 03 18:40:04 +0000 2017,James Altucher's 10 predictions about where bitcoin and cryptocurrencies are headed https://t.co/jLLS1hzUnW #bitcoin https://t.co/y4Iq6V66JV
Sun Dec 03 18:40:04 +0000 2017,RT @steveinpursuit: You can't make this stuff up. CEO of Blockstream suggests his solution to high fees on Bitcoin: just start a tab... htt‚Ä¶
Sun Dec 03 18:40:04 +0000 2017,RT @Cryptopathic: so many irl people asking about bitcoin its unreal
Sun Dec 03 18:40:03 +0000 2017,JPMorgan strategist: Bitcoin futures can 'add legitimacy' to potential 'emerging asset class'‚Ä¶ https://t.co/3hDIufqHe3
Sun Dec 03 18:40:05 +0000 2017,RT @priyanshsethi2: @Bitcoin @BitcoinDiamond_  hello everyone buy BCD . it will gonna to high as BTCRED so go buy BCD . and enjoy :)
Sun Dec 03 18:40:05 +0000 2017,RT @priyanshsethi2: @Bitcoin @BitcoinDiamond_  hello everyone buy BCD . it will gonna to high as BTCRED so go buy BCD . and enjoy :)
Sun Dec 03 18:40:05 +0000 2017,RT @CryptoCoinsNews: John McAfee Bullish on Bitcoin Price Reaching $1 Million by 2020 https://t.co/RhKfKKsnEt https://t.co/3wTGuTm2wy
Sun Dec 03 18:40:05 +0000 2017,"RT @LucydLtd: We are excited to sponsor The North American #Bitcoin Conference, a part of World #Blockchain Forum: Investments &amp;‚Ä¶ "
Sun Dec 03 18:40:05 +0000 2017,BTCTN: PR: CoinLoan Lending Platform Granted Full License https://t.co/ypmNDWjTcw #Bitcoin https://t.co/O4enTKeAw4
Sun Dec 03 18:40:06 +0000 2017,New post (Zuckerberg‚Äôs twin rivals become 1st Bitcoin billionaires) has been published on GRTX -‚Ä¶ https://t.co/cxea1SqMHn
Sun Dec 03 18:40:06 +0000 2017,"@kSp_club Are you interested into Bitcoin? Why are you not giving a try to Bitcoin Diamond, the cryptocurrency that‚Ä¶ https://t.co/9Z8ikKkasl"
Sun Dec 03 18:40:07 +0000 2017,RT @priyanshsethi2: @Bitcoin @BitcoinDiamond_  hello everyone buy BCD . it will gonna to high as BTCRED so go buy BCD . and enjoy :)
Sun Dec 03 18:40:07 +0000 2017,RT @priyanshsethi2: @Bitcoin @BitcoinDiamond_  hello everyone buy BCD . it will gonna to high as BTCRED so go buy BCD . and enjoy :)
Sun Dec 03 18:40:07 +0000 2017,"RT @MeyersCohen: RT ""

$PTOP at .01 is like $GBTC at $1,665. These 2 stocks have their own #ico #crytocurrency $OSTK $GBTC $XNET‚Ä¶ "
Sun Dec 03 18:40:07 +0000 2017,RT @priyanshsethi2: @Bitcoin @BitcoinDiamond_  hello everyone buy BCD . it will gonna to high as BTCRED so go buy BCD . and enjoy :)
Sun Dec 03 18:40:07 +0000 2017,Nobel Economists Don't Like Bitcoin Because it Disrupts Traditional Finance #CryptoNews #ETH #BTC #Blockchain https://t.co/KfnMbeVPXM
Sun Dec 03 18:40:07 +0000 2017,"RT @Crowdwiz: French bankers to offer cryptocurrency
https://t.co/KqGMx6Bmv9.
.
.
#bitcoin
#news
#cryptocurrency https://t.co/1Ajm21h5Kz"
Sun Dec 03 18:40:07 +0000 2017,RT @priyanshsethi2: @Bitcoin @BitcoinDiamond_  hello everyone buy BCD . it will gonna to high as BTCRED so go buy BCD . and enjoy :)
Sun Dec 03 18:40:07 +0000 2017,"RT @dionlisle: If you are into Bitcoin, Blockchain and Crypto and in SF, you should get here and see what's doing. https://t.co/BokcjDK5ee"
Sun Dec 03 18:40:08 +0000 2017,"Today Bitcoin all Crypto Free
https://t.co/DXHt34pSsm
#bitcoin
#Faucet #Wallet
#ethereum #blockchain
#Token #Free https://t.co/FLj5DcgYro"
Sun Dec 03 18:40:08 +0000 2017,RT @blockchain_u: When I ponder @CryptoKitties I finally understand the befuddlement that most people initially have towards Bitcoin
Sun Dec 03 18:40:08 +0000 2017,RT @BTCTN: PR: CoinLoan Lending Platform Granted Full License https://t.co/m2FG9VXd9f #Bitcoin https://t.co/iSybPG4Ms1
Sun Dec 03 18:40:08 +0000 2017,RT @DeadDigitizer: added up that with bitcoin being 11k any of the weed i bought off the deepweb in 2014 is now worth around $250 a g fuck‚Ä¶
Sun Dec 03 18:40:08 +0000 2017,RT @RT_com: #Zuckerberg‚Äôs twin rivals become 1st #Bitcoin billionaires https://t.co/cK5qGLlRNI https://t.co/gKMAjGEJ6K
Sun Dec 03 18:40:08 +0000 2017,RT @priyanshsethi2: @Bitcoin @BitcoinDiamond_  hello everyone buy BCD . it will gonna to high as BTCRED so go buy BCD . and enjoy :)
Sun Dec 03 18:40:08 +0000 2017,seems not only #bitcoin is parabolic #StockMarket https://t.co/5bjvjMRb4U
Sun Dec 03 18:40:09 +0000 2017,RT @Marius225566: RT @Marius225566: RT @Marius225566: RT @MLeeCrowther: Record ICO Tezos Founders Seek Bail-Out Fro‚Ä¶ https://t.co/99t7jjsGzC
Sun Dec 03 18:40:09 +0000 2017,Great #Bitcoin #CryptoNews for our client @doxfordbarns @thecharltonhall Thanks @TheJournalNews Scoopford‚Ä¶ https://t.co/gCuRklT4dc
Sun Dec 03 18:40:09 +0000 2017,RT @RT_com: #Zuckerberg‚Äôs twin rivals become 1st #Bitcoin billionaires https://t.co/cK5qGLlRNI https://t.co/gKMAjGEJ6K
Sun Dec 03 18:40:10 +0000 2017,"RT @6BillionPeople: November 26th #Bitcoin currently all time new high $9,130 !! I‚Äôm giving away $10 Free bitcoin when you make an acco‚Ä¶ "
Sun Dec 03 18:40:10 +0000 2017,Cloud Mine #altcoins today w/ @GenesisMining. Signup discount here: https://t.co/6mNAvGBiX2. #altcoinnews‚Ä¶ https://t.co/Rwg6HeoulJ
Sun Dec 03 18:40:11 +0000 2017,"RT @Yamsleezy: Niggas put 25$ into bitcoin make 8$ profit and then get on twitter like ""idk how y'all do that 9-5 shit"""
Sun Dec 03 18:40:11 +0000 2017,"1 Bitcoin = 11.768,90 $

Time: 21:40
Date: 03.12.2017
 #Bitcoin #BTCUSD #BTC"
Sun Dec 03 18:40:11 +0000 2017,RT @nousplatform: Just another day to make @nousplatform ‚Äãthe best platform on #blockchain in the #world! https://t.co/1lD4fRx8OK‚Ä¶ 
Sun Dec 03 18:40:11 +0000 2017,RT @priyanshsethi2: @Bitcoin @BitcoinDiamond_  hello everyone buy BCD . it will gonna to high as BTCRED so go buy BCD . and enjoy :)
Sun Dec 03 18:40:11 +0000 2017,"Bitcoin (BTC) or Bitcoin Cash (BTH), Banks and Bitcoin's Future Futures | C... https://t.co/RE7zX8x2RY #Bitcoin #mlm https://t.co/J3ZktShYGO"
Sun Dec 03 18:40:11 +0000 2017,RT @priyanshsethi2: @Bitcoin @BitcoinDiamond_  hello everyone buy BCD . it will gonna to high as BTCRED so go buy BCD . and enjoy :)
Sun Dec 03 18:40:12 +0000 2017,RT @priyanshsethi2: @Bitcoin @BitcoinDiamond_  hello everyone buy BCD . it will gonna to high as BTCRED so go buy BCD . and enjoy :)
Sun Dec 03 18:40:11 +0000 2017,How to explain the Bitcoin bubble to young people https://t.co/KBe7GwPDUi
Sun Dec 03 18:40:12 +0000 2017,RT @ImToBlame: Here it comes..... https://t.co/SvXlFLycgf
Sun Dec 03 18:40:12 +0000 2017,Cloud Mine #altcoins today w/ @GenesisMining. Signup discount here: https://t.co/6mNAvGBiX2. #altcoinnews‚Ä¶ https://t.co/19koSdpEQc
Sun Dec 03 18:40:12 +0000 2017,"RT @OPTIONSJALXR: https://t.co/llAl2Cczlv Buy from CoinMama! Highest limits, best prices! #Bitcoin #Coin #Coinbase #Gdax #Coinmama‚Ä¶ "
Sun Dec 03 18:40:12 +0000 2017,"To all my hodlers out there:

What's the top two coins, you currently hold the most of, in your profile?‚Ä¶ https://t.co/nePDzcDBAa"
Sun Dec 03 18:40:13 +0000 2017,"Markets Update: Global Bitcoin Prices Exceed $11,800 
https://t.co/5ts5F7e6py"
Sun Dec 03 18:40:13 +0000 2017,RT @RT_com: #Zuckerberg‚Äôs twin rivals become 1st #Bitcoin billionaires https://t.co/cK5qGLlRNI https://t.co/gKMAjGEJ6K
Sun Dec 03 18:40:13 +0000 2017,RT @priyanshsethi2: @Bitcoin @BitcoinDiamond_  hello everyone buy BCD . it will gonna to high as BTCRED so go buy BCD . and enjoy :)
Sun Dec 03 18:40:13 +0000 2017,"The best website out there and verified on blockchain.
Invest and start earning daily! As promised, link to start m‚Ä¶ https://t.co/12UpkqIBtp"
Sun Dec 03 18:40:13 +0000 2017,RT @priyanshsethi2: @Bitcoin @BitcoinDiamond_  hello everyone buy BCD . it will gonna to high as BTCRED so go buy BCD . and enjoy :)
Sun Dec 03 18:40:14 +0000 2017,RT @priyanshsethi2: @Bitcoin @BitcoinDiamond_  hello everyone buy BCD . it will gonna to high as BTCRED so go buy BCD . and enjoy :)
Sun Dec 03 18:40:14 +0000 2017,"#bitcoin, #ethereum, #dash #bcash, #ripple, #dash, #litecoin, #bgold, #iota, #cardano, #ETC, #monero, #neo, #eos,‚Ä¶ https://t.co/083Z87UTpZ"
Sun Dec 03 18:40:14 +0000 2017,RT @RT_com: #Zuckerberg‚Äôs twin rivals become 1st #Bitcoin billionaires https://t.co/cK5qGLlRNI https://t.co/gKMAjGEJ6K
Sun Dec 03 18:40:14 +0000 2017,RT @culuslb: Do you want to order? DM us or send us an email at contact@culus.co and we will give you a form to complete so we c‚Ä¶ 
Sun Dec 03 18:40:14 +0000 2017,RT @priyanshsethi2: @Bitcoin @BitcoinDiamond_  hello everyone buy BCD . it will gonna to high as BTCRED so go buy BCD . and enjoy :)
Sun Dec 03 18:40:15 +0000 2017,"RT @wheezywaiter: Stay bitcoin, Ponyboy."
Sun Dec 03 18:40:16 +0000 2017,RT @priyanshsethi2: @Bitcoin @BitcoinDiamond_  hello everyone buy BCD . it will gonna to high as BTCRED so go buy BCD . and enjoy :)
Sun Dec 03 18:40:15 +0000 2017,#DisruptAllHub Bitcoin: PR: CoinLoan Lending Platform Granted Full License https://t.co/9ryVbUSWGB #Bitcoin‚Ä¶ https://t.co/Mb8Lx0nFsO
Sun Dec 03 18:40:16 +0000 2017,"RT @OPTIONSJALXR: https://t.co/8oi1EtUMEE Buy from CoinMama! Highest limits, best prices! #Bitcoin #Coin #Coinbase #Gdax #Coinmama‚Ä¶ "
Sun Dec 03 18:40:16 +0000 2017,"In the last 10 mins, there were arb opps spanning 12 exchange pair(s), yielding profits ranging between $0.11 and $20,481.93 #bitcoin #btc"
Sun Dec 03 18:40:16 +0000 2017,"LIVE: Profit = $20,343.54 (78.79 %). BUY B3.96 @ $10,000.00 (#VirCurex). SELL @ $11,683.00 (#Bitfinex) #bitcoin‚Ä¶ https://t.co/dWmsdH5Wq2"
Sun Dec 03 18:40:17 +0000 2017,RT @devnullius: John McAfee Bullish on Bitcoin Price Reaching $1 Million by 2020 https://t.co/I91NU5jzA0 https://t.co/ATQR6fE8bC
Sun Dec 03 18:40:17 +0000 2017,"@kcching Are you interested into Bitcoin? Why are you not giving a try to Bitcoin Diamond, the cryptocurrency that‚Ä¶ https://t.co/e8qvf43SGF"
Sun Dec 03 18:40:17 +0000 2017,Georgia now has over 100 bitcoin ATMs as cryptocurrency interest surges https://t.co/bSmYcaIRLK
Sun Dec 03 18:40:17 +0000 2017,RT @La__Cuen: ‚ÄúYou can now transfer value instantaneously across blockchains.‚Äù @SatoshiLite &amp; @starkness weigh in on how the cros‚Ä¶ 
Sun Dec 03 18:40:17 +0000 2017,RT @priyanshsethi2: @Bitcoin @BitcoinDiamond_  hello everyone buy BCD . it will gonna to high as BTCRED so go buy BCD . and enjoy :)
Sun Dec 03 18:40:17 +0000 2017,Ancora una volta...weekend con nuovo max storico per il #Bitcoin üí™üîù https://t.co/m8UTI0cdkl
Sun Dec 03 18:40:18 +0000 2017,RT @priyanshsethi2: @Bitcoin @BitcoinDiamond_  hello everyone buy BCD . it will gonna to high as BTCRED so go buy BCD . and enjoy :)
Sun Dec 03 18:40:18 +0000 2017,"–ö–∞–∫ –±—É–¥—É—Ç —Ä–∞–±–æ—Ç–∞—Ç—å —Ñ—å—é—á–µ—Ä—Å—ã –Ω–∞ –ë–∏—Ç–∫–æ–∏–Ω 
–ü–æ–¥—Ä–æ–±–Ω–µ–µ: https://t.co/e5vkMzitEP
#–±–∏—Ç–∫–æ–∏–Ω #bitcoin #–∫—Ä–∏–ø—Ç–æ–≤–∞–ª—é—Ç–∞ #bitcois https://t.co/Eg6nZd6NjI"
Sun Dec 03 18:40:18 +0000 2017,RT @priyanshsethi2: @Bitcoin @BitcoinDiamond_  hello everyone buy BCD . it will gonna to high as BTCRED so go buy BCD . and enjoy :)
Sun Dec 03 18:40:18 +0000 2017,RT @priyanshsethi2: @Bitcoin @BitcoinDiamond_  hello everyone buy BCD . it will gonna to high as BTCRED so go buy BCD . and enjoy :)
Sun Dec 03 18:40:18 +0000 2017,"RT @Blockchainlife: #McDonalds, #Amazon, #Argos and #BritishAirways are considering accepting #Bitcoin in 2018. https://t.co/cQmOOuRel0"
Sun Dec 03 18:40:19 +0000 2017,Ph√©nom√®ne du bitcoin¬†: ce qu'en pensent les Banques centrales https://t.co/THHUZDnh23
Sun Dec 03 18:40:19 +0000 2017,Stellar Lumens (XLM) ‚Äì  IBM Provided Fresh New Validators: Expectations for 2018 - #Stellar #xlm #bitcoin‚Ä¶ https://t.co/KetIIVaqSy
Sun Dec 03 18:40:19 +0000 2017,RT @priyanshsethi2: @Bitcoin @BitcoinDiamond_  hello everyone buy BCD . it will gonna to high as BTCRED so go buy BCD . and enjoy :)
Sun Dec 03 18:40:20 +0000 2017,RT @priyanshsethi2: @Bitcoin @BitcoinDiamond_  hello everyone buy BCD . it will gonna to high as BTCRED so go buy BCD . and enjoy :)
Sun Dec 03 18:40:20 +0000 2017,RT @priyanshsethi2: @Bitcoin @BitcoinDiamond_  hello everyone buy BCD . it will gonna to high as BTCRED so go buy BCD . and enjoy :)
Sun Dec 03 18:40:21 +0000 2017,RT @AceOfWallStreet: Bitcoin is one hell of a drug
Sun Dec 03 18:40:21 +0000 2017,Les meilleurs portefeuilles des hommes que vous pouvez acheter - initi√© d'affaires Bitcoin √©change paypal - https://t.co/raJiuPGAjS
Sun Dec 03 18:40:21 +0000 2017,"RT @PayperExnet: Black Friday Special offer! @blackfriday @PayperExnet @Bitcoin  
DON'T MISS IT!  https://t.co/9HJHwfRY4Y https://t.co/88sI‚Ä¶"
Sun Dec 03 18:40:21 +0000 2017,RT @gregorx8c: I couldn't agree more! #x8currency https://t.co/LFq6YhZc9v
Sun Dec 03 18:40:21 +0000 2017,"#ALERT: Bitcoin Users Largely Shrug Off Latest $69M Bitcoin Exchange Heist - https://t.co/n9mvv5Rwqg
Please click above to subscribe to ..."
Sun Dec 03 18:40:21 +0000 2017,"RT @Kalemyol: Ali Babacan #Vatanƒ±nEvlatlarƒ± #MandaDerisi #BuMemleketBizim
#Anelt
@borsagundem
@spkgovtr
@ParaBorsaNet‚Ä¶ "
Sun Dec 03 18:40:21 +0000 2017,"RT @tokenpay: COUNTDOWN: 4 Days to Coin Sale!
Register now at https://t.co/HQcecc1kV5
Grab your referral link, start sharing.
Ear‚Ä¶ "
Sun Dec 03 18:40:21 +0000 2017,BTCTN: PR: CoinLoan Lending Platform Granted Full License https://t.co/o3RVdDFzfh #Bitcoin https://t.co/GqvNK2Rk3j
Sun Dec 03 18:40:21 +0000 2017,RT @priyanshsethi2: @Bitcoin @BitcoinDiamond_  hello everyone buy BCD . it will gonna to high as BTCRED so go buy BCD . and enjoy :)
Sun Dec 03 18:40:22 +0000 2017,"RT @nousplatform: Some cool photos from Blockchain Forum in Barcelona!
#nousplatform #cryptocurrency #blockchain #bitcoin #ico‚Ä¶ "
Sun Dec 03 18:40:22 +0000 2017,RT @priyanshsethi2: @Bitcoin @BitcoinDiamond_  hello everyone buy BCD . it will gonna to high as BTCRED so go buy BCD . and enjoy :)
Sun Dec 03 18:40:22 +0000 2017,RT @priyanshsethi2: @Bitcoin @BitcoinDiamond_  hello everyone buy BCD . it will gonna to high as BTCRED so go buy BCD . and enjoy :)
Sun Dec 03 18:40:23 +0000 2017,RT @priyanshsethi2: @Bitcoin @BitcoinDiamond_  hello everyone buy BCD . it will gonna to high as BTCRED so go buy BCD . and enjoy :)
Sun Dec 03 18:40:23 +0000 2017,RT @priyanshsethi2: @Bitcoin @BitcoinDiamond_  hello everyone buy BCD . it will gonna to high as BTCRED so go buy BCD . and enjoy :)
Sun Dec 03 18:40:23 +0000 2017,RT @priyanshsethi2: @Bitcoin @BitcoinDiamond_  hello everyone buy BCD . it will gonna to high as BTCRED so go buy BCD . and enjoy :)
Sun Dec 03 18:40:23 +0000 2017,RT @priyanshsethi2: @Bitcoin @BitcoinDiamond_  hello everyone buy BCD . it will gonna to high as BTCRED so go buy BCD . and enjoy :)
Sun Dec 03 18:40:23 +0000 2017,RT @priyanshsethi2: @Bitcoin @BitcoinDiamond_  hello everyone buy BCD . it will gonna to high as BTCRED so go buy BCD . and enjoy :)
Sun Dec 03 18:40:23 +0000 2017,RT @priyanshsethi2: @Bitcoin @BitcoinDiamond_  hello everyone buy BCD . it will gonna to high as BTCRED so go buy BCD . and enjoy :)
Sun Dec 03 18:40:24 +0000 2017,"In 2200, ‚Äúrobbing the bank‚Äù is going to be one of those old sayings used to describe hacking someone‚Äôs bitcoin that‚Ä¶ https://t.co/iWDvVTRH02"
Sun Dec 03 18:40:24 +0000 2017,"RT @Crowdwiz: Bitcoin's post-Thanksgiving surge carries it to a new record high above $9000
https://t.co/ckKDCAAUZC
.
.‚Ä¶ "
Sun Dec 03 18:40:24 +0000 2017,üöÄüöÄüöÄüöÄüöÄ https://t.co/15L2Ildp4Z
Sun Dec 03 18:40:25 +0000 2017,"RT @nondualnelly: The 10 #bitcoin commandments

1. ‚ÄúI call it bcash‚Äù
2. Buy the f$&amp;kn dip
3. HODL
4. Never short the corn
5. Secure y‚Ä¶ "
Sun Dec 03 18:40:25 +0000 2017,"With Ethereum and Bitcoin Reaching All-Time Highs, Hacking Attacks Will Increase https://t.co/9HTqW9T2A2"
Sun Dec 03 18:40:26 +0000 2017,"BIT FUN. Play games, have fun, earn bitcoin!. https://t.co/WpEBvG4zBx #bitcoin #faucet via @bitfunfaucet"
Sun Dec 03 18:40:26 +0000 2017,Will Bitcoin be Taxed?  https://t.co/eLhoZBJtQs
Sun Dec 03 18:40:26 +0000 2017,"RT @IoTRecruiting: For the First Time, a Robot Passed a Medical Licensing Exam https://t.co/1uBXeprs1g #IoT #InternetOfThings #IIoT‚Ä¶ "
Sun Dec 03 18:40:27 +0000 2017,RT @priyanshsethi2: @Bitcoin @BitcoinDiamond_  hello everyone buy BCD . it will gonna to high as BTCRED so go buy BCD . and enjoy :)
Sun Dec 03 18:40:27 +0000 2017,Waiting to see how everyone who invested in bitcoin will feel after they have to file that 8949 tax form ü§ßüò∑sick
Sun Dec 03 18:40:27 +0000 2017,RT @priyanshsethi2: @Bitcoin @BitcoinDiamond_  hello everyone buy BCD . it will gonna to high as BTCRED so go buy BCD . and enjoy :)
Sun Dec 03 18:40:27 +0000 2017,RT @bitsonlinecom: Signals Marketplace Connects Traders With Data Scientists and Machine Learning Strategies  - #trade  .‚Ä¶ 
Sun Dec 03 18:40:27 +0000 2017,"@RT_com The only reason people will never buy #bitcoin is because #RussiaToday endorses it soo much
If @PutinRF_Eng‚Ä¶ https://t.co/tYD33wSVml"
Sun Dec 03 18:40:28 +0000 2017,BTCTN: PR: CoinLoan Lending Platform Granted Full License https://t.co/znD0WTQygH #Bitcoin https://t.co/6ofJDVV81d
Sun Dec 03 18:40:28 +0000 2017,"Got that #bitcoin on my mind, what y‚Äôall thinkin about?  #passiveincome #bitcoinmillionaire #cryptomillionaire https://t.co/TqzAHQQQdf"
Sun Dec 03 18:40:28 +0000 2017,"#Zuckerberg‚Äôs twin rivals become 1st #Bitcoin billionaires https://t.co/g1V41BJH0u https://t.co/R76rIzhqYh

‚Äî RT (RT_com) December 3, 2017"
Sun Dec 03 18:40:28 +0000 2017,"RT @ThisIsNuse: How is this even a question 

You lost 1.9btc.

The end https://t.co/3Iv1OHC65y"
Sun Dec 03 18:40:28 +0000 2017,RT @priyanshsethi2: @Bitcoin @BitcoinDiamond_  hello everyone buy BCD . it will gonna to high as BTCRED so go buy BCD . and enjoy :)
Sun Dec 03 18:40:29 +0000 2017,RT @priyanshsethi2: @Bitcoin @BitcoinDiamond_  hello everyone buy BCD . it will gonna to high as BTCRED so go buy BCD . and enjoy :)
Sun Dec 03 18:40:30 +0000 2017,RT @priyanshsethi2: @Bitcoin @BitcoinDiamond_  hello everyone buy BCD . it will gonna to high as BTCRED so go buy BCD . and enjoy :)
Sun Dec 03 18:40:29 +0000 2017,RT @priyanshsethi2: @Bitcoin @BitcoinDiamond_  hello everyone buy BCD . it will gonna to high as BTCRED so go buy BCD . and enjoy :)
Sun Dec 03 18:40:30 +0000 2017,RT @ytDiego: @Xentagz That newspaper trying to understand bitcoin... https://t.co/p4ZK90jwOr
Sun Dec 03 18:40:30 +0000 2017,What happens when supply chain meets #BlockChain? https://t.co/fsS1IkqbP0 #Crypto #CryptoCurrencies‚Ä¶ https://t.co/GSpsi3Vp7I
Sun Dec 03 18:40:30 +0000 2017,I added a video to a @YouTube playlist https://t.co/HSVN5b8br9 How Bitcoin Works in 5 Minutes (Technical)
Sun Dec 03 18:40:30 +0000 2017,"RT @ErikVoorhees: Bitcoin is the sixth most valuable currency in the world, and achieved this in eight years of existence, despite (o‚Ä¶ "
Sun Dec 03 18:40:31 +0000 2017,RT @mclynd: What happens when supply chain meets #BlockChain? https://t.co/fsS1IkqbP0 #Crypto #CryptoCurrencies‚Ä¶ 
Sun Dec 03 18:40:31 +0000 2017,RT @priyanshsethi2: @Bitcoin @BitcoinDiamond_  hello everyone buy BCD . it will gonna to high as BTCRED so go buy BCD . and enjoy :)
Sun Dec 03 18:40:31 +0000 2017,Zuckerberg‚Äôs twin rivals become 1st Bitcoin billionaires @Bankofisland  https://t.co/scw8I2Entv https://t.co/5w9Vj5NRuG
Sun Dec 03 18:40:31 +0000 2017,"RT @HopeStillFlies: Encouraged by her buddy at the World Bank, I'm sure. https://t.co/3OCdBEzLwF"
Sun Dec 03 18:40:31 +0000 2017,"@Menelik They have the feds trying to crack down on it now, if they get involved it kind of defeats the entire purp‚Ä¶ https://t.co/9zmOutwv2a"
Sun Dec 03 18:40:32 +0000 2017,RT @BTCTN: PR: CoinLoan Lending Platform Granted Full License https://t.co/m2FG9VXd9f #Bitcoin https://t.co/iSybPG4Ms1
Sun Dec 03 18:40:33 +0000 2017,"RT @AlgoryProject: #bitcoin all time high! Here we go as we mentioned yesterday: https://t.co/P3m0xBAjEm

#cryptotrading #bitcoin $BTC"
Sun Dec 03 18:40:33 +0000 2017,RT @priyanshsethi2: @Bitcoin @BitcoinDiamond_  hello everyone buy BCD . it will gonna to high as BTCRED so go buy BCD . and enjoy :)
Sun Dec 03 18:40:33 +0000 2017,RT @CryptoArmada: You guys have your memes ready? #bitcoin #12k https://t.co/xTl3fsuswi
Sun Dec 03 18:40:33 +0000 2017,"RT @dehlizar: Ali Babacan #Vatanƒ±nEvlatlarƒ± #MandaDerisi #BuMemleketBizim
#Anelt
@borsagundem
@spkgovtr
@ParaBorsaNet‚Ä¶ "
Sun Dec 03 18:40:33 +0000 2017,RT @CBSNews: Bitcoin exchange Coinbase ordered to hand over customer data to IRS https://t.co/bnEuAubE5Q https://t.co/lRLk60drD3
Sun Dec 03 18:40:34 +0000 2017,"PR: CoinLoan Lending Platform Granted Full License

https://t.co/GFUCMRIB1e

#crypto #news #blockchain #bitcoin‚Ä¶ https://t.co/d8C6VbFoz8"
Sun Dec 03 18:40:34 +0000 2017,RT @priyanshsethi2: @Bitcoin @BitcoinDiamond_  hello everyone buy BCD . it will gonna to high as BTCRED so go buy BCD . and enjoy :)
Sun Dec 03 18:40:34 +0000 2017,RT @priyanshsethi2: @Bitcoin @BitcoinDiamond_  hello everyone buy BCD . it will gonna to high as BTCRED so go buy BCD . and enjoy :)
Sun Dec 03 18:40:34 +0000 2017,RT @priyanshsethi2: @Bitcoin @BitcoinDiamond_  hello everyone buy BCD . it will gonna to high as BTCRED so go buy BCD . and enjoy :)
Sun Dec 03 18:40:34 +0000 2017,John McAfee Bullish on Bitcoin Price Reaching $1 Million by 2020 https://t.co/LZWI0VEwOm¬†https://t.co/whHqRI3c0Y‚Ä¶ https://t.co/AssMG8rfsK
Sun Dec 03 18:40:34 +0000 2017,RT @culuslb: Do you want to order? DM us or send us an email at contact@culus.co and we will give you a form to complete so we c‚Ä¶ 
Sun Dec 03 18:40:34 +0000 2017,John McAfee Bullish on Bitcoin Price Reaching $1 Million by 2020 https://t.co/ui7OhIRWXC¬†https://t.co/2Zdgwh0aRX‚Ä¶ https://t.co/Rq8Fd5yy7o
Sun Dec 03 18:40:35 +0000 2017,"@Crypt0Rad Are you interested into Bitcoin? Why are you not giving a try to Bitcoin Diamond, the cryptocurrency tha‚Ä¶ https://t.co/yKprff2uuS"
Sun Dec 03 18:40:35 +0000 2017,RT @priyanshsethi2: @Bitcoin @BitcoinDiamond_  hello everyone buy BCD . it will gonna to high as BTCRED so go buy BCD . and enjoy :)
Sun Dec 03 18:40:35 +0000 2017,"RT @langpie_project: üéØ¬†Let's go!
#ICO #bitcoin #cryptocurrency #ethereum https://t.co/7LPtXDFt91"
Sun Dec 03 18:40:35 +0000 2017,RT @BitcoinWrld: The unlucky man who accidentally threw away #Bitcoin worth $100 million - https://t.co/pYH74GHj4t‚Ä¶ 
Sun Dec 03 18:40:35 +0000 2017,@jemelehill Bitcoin
Sun Dec 03 18:40:35 +0000 2017,RT @ISDI_edu: Los nuevos retos que plantea el Bitcoin a los reguladores https://t.co/x7KZQEaNY1
Sun Dec 03 18:40:35 +0000 2017,"RT BTCTN ""PR: CoinLoan Lending Platform Granted Full License https://t.co/SdTdGk9KcC #Bitcoin https://t.co/yaNbarXKfh"" #bitcoin"
Sun Dec 03 18:40:35 +0000 2017,"LETS KILL IT!
https://t.co/5dDRFRar9A
#BTC #Bitcoin #Litecoin #LTC #Ethereum #ETH #DECRED #cryptocurrency‚Ä¶ https://t.co/85jbz3Rtxi"
Sun Dec 03 18:40:36 +0000 2017,@itsnaderi Tacos &gt; Music &gt; Bitcoin &gt; Sex
Sun Dec 03 18:40:36 +0000 2017,"RT @Crypto_Knightz: @Bitfinexed @vires_numeris This has all been an elaborate scheme from Bitfinex's CFO, Giancarlo Devasini from 2014‚Ä¶ "
Sun Dec 03 18:40:37 +0000 2017,@DavidOdiG bitcoin about to hit $12M @Odaddy24
Sun Dec 03 18:40:37 +0000 2017,RT @ThisIsNuse: #Bitcoin $BTC $CRYPTO $ALTS https://t.co/MTW5XSUXZM
Sun Dec 03 18:40:37 +0000 2017,RT @PwCLegal: @PwC accepts fee in #bitcoin - feeling a little proud today at @PwCLegal https://t.co/yKMep8hPSS #cryptocurrency #law #lawyer‚Ä¶
Sun Dec 03 18:40:37 +0000 2017,RT @BitcoinXhulio: This is just the beginning! #Bitcoin #Litecoin #Ethereum https://t.co/v58rzyC7rA
Sun Dec 03 18:40:37 +0000 2017,"Are You Bullish Or Bearish On #ActivisionBlizzard? Start #Trading $ATVI With #Bitcoin! 

https://t.co/tl7PbrmCCB

‚úÖ‚Ä¶ https://t.co/Afa0IxxAtd"
Sun Dec 03 18:40:37 +0000 2017,"If you're not in cryptos or ""bitcoin"" then you're slacking. Ride the wave baby"
Sun Dec 03 18:40:37 +0000 2017,"RT @Reckfm: vc t√° l√° passeando ocasionalmente com a gatinha

ela diz ""olha, tem uma sorveteria bem ali! vamos l√°?""

na sua Cybe‚Ä¶ "
Sun Dec 03 18:40:38 +0000 2017,RT @culuslb: Do you want to order? DM us or send us an email at contact@culus.co and we will give you a form to complete so we c‚Ä¶ 
Sun Dec 03 18:40:39 +0000 2017,RT @culuslb: Do you want to order? DM us or send us an email at contact@culus.co and we will give you a form to complete so we c‚Ä¶ 
Sun Dec 03 18:40:39 +0000 2017,"Luftkrieg was ist, wenn die russische t√∂dlich su-35 amerika f-15 die nationale Interesse Blog Bitcoin Bergbau asic‚Ä¶ https://t.co/andW5ysSnT"
Sun Dec 03 18:40:39 +0000 2017,"@BitcoinKacDolar Are you interested into Bitcoin? Why are you not giving a try to Bitcoin Diamond, the cryptocurren‚Ä¶ https://t.co/HqY6sOvD7i"
Sat Dec 09 08:12:10 +0000 2017,RT @business: Read this if you're still struggling to understand bitcoin https://t.co/sMri8Jh8h6 https://t.co/KpTIo9loPj
Sat Dec 09 08:12:10 +0000 2017,"Inside Banks, Bitcoin Futures Are Riling Trading Executives https://t.co/OtNCm71vNL https://t.co/Y8yWKXGN9e"
Sat Dec 09 08:12:11 +0000 2017,"Traditional Investors Reveal Their Opinions on Bitcoin as Price Holds Near Record Levels - Cointelegraph (Bitcoin,‚Ä¶ https://t.co/6Rsdeq1Few"
Sat Dec 09 08:12:11 +0000 2017,"RT @TravWeav: Bought 1,500 bitcoin in 2011 for $2.87 each. I will pick 5 random people who retweet this and give one to each of y‚Ä¶ "
Sat Dec 09 08:12:11 +0000 2017,"RT @TravWeav: Bought 1,500 bitcoin in 2011 for $2.87 each. I will pick 5 random people who retweet this and give one to each of y‚Ä¶ "
Sat Dec 09 08:12:11 +0000 2017,"RT @ico_report: The Largest Channel about ICO in Telegram https://t.co/zOt4zUK5Ig
üíØ ICO Reports &amp; Crypto Newsü§ò  
üìÖ –°alendar &amp; Analy‚Ä¶ "
Sat Dec 09 08:12:11 +0000 2017,RT @BoonTechUSA: How to purchase Dash Coin using dash wallets https://t.co/G3Is6J20tp #Bitcoin #cryptocurrency #digitalcurrency
Sat Dec 09 08:12:11 +0000 2017,RT @levie: That moment when you look at the price of bitcoin and think it can‚Äôt go any higher so you don‚Äôt buy any. Every day. For 4 years‚Ä¶
Sat Dec 09 08:12:11 +0000 2017,#Blockchain #Bitcoin Danish Woman Arrested After Allegedly Paying for a Fake Darknet Hitman With Bitcoin https://t.co/6PkAnO35xk
Sat Dec 09 08:12:12 +0000 2017,Here's our best shot at explaining why bitcoin has been soaring all year https://t.co/s4yPDOHxVy via @bllshbrsh
Sat Dec 09 08:12:11 +0000 2017,"Ready for #NXT? be ready !
#Bitcoin #ardor #btc https://t.co/NUVBkzAUvm"
Sat Dec 09 08:12:12 +0000 2017,"RT @Joshwilkyyy: Bought 1,500 bitcoin in 2011 for $2.87 each. I will pick 5 random people who retweet this and give one to each of y‚Ä¶ "
Sat Dec 09 08:12:12 +0000 2017,Is Bitcoin a bubble? Here's what two bubble experts told us https://t.co/zdiTMXzQP2 https://t.co/p7MprwibDp
Sat Dec 09 08:12:13 +0000 2017,Love @thedailymash https://t.co/sXWzCGpLm6
Sat Dec 09 08:12:13 +0000 2017,RT @rateico: üì¢ Join Our Discussion on BitcoinTalk org - https://t.co/FoDh0fRUoc /// #blockchain #ico #business #fintech #bitcoin‚Ä¶ 
Sat Dec 09 08:12:13 +0000 2017,RT @BitcoinMoz10: https://t.co/H9Ka3enYJm
Sat Dec 09 08:12:13 +0000 2017,I added a video to a @YouTube playlist https://t.co/z2T5w9gHFD Bitcoin Mining vs. GPU Mining &amp; How to Assemble a Mining Rig for
Sat Dec 09 08:12:13 +0000 2017,"Bought 1,500 bitcoin in 2010 for ¬£1.42 each. I will pick 5 random people who retweet this and give one to each of y‚Ä¶ https://t.co/n3giRi2vWe"
Sat Dec 09 08:12:13 +0000 2017,"RT @6BillionPeople: Welcome to my Twitter. Im ""MarQuis Trill @6BillionPeople "" Everyone asks me ""How can I buy #Bitcoin #Litecoin‚Ä¶ "
Sat Dec 09 08:12:13 +0000 2017,"Bitcoin Market Cap Briefly Surpasses That of JPMorgan, World's Largest Bank https://t.co/hPsJRXCze9 https://t.co/2FWplkp7Ya"
Sat Dec 09 08:12:14 +0000 2017,Court Sentences Detroit Man For Trading Bitcoin Without Proper License https://t.co/VyzEyrS8xd
Sat Dec 09 08:12:14 +0000 2017,"RT @StephenAtHome: Wow, if I had invested $1,000 in Bitcoin last week, today I would have... still no idea how Bitcoin works."
Sat Dec 09 08:12:14 +0000 2017,"Fintech - what's new?

#fintech #finance #banking #money #technology #trends #innovation #digital #cryptocurrency‚Ä¶ https://t.co/p1qebJwIzY"
Sat Dec 09 08:12:14 +0000 2017,"RT @cryptomanran: A boy asked his bitcoin-investing dad for 1 bitcoin for his birthday. 

Dad: What? $15,554??? $14,354 is a lot of m‚Ä¶ "
Sat Dec 09 08:12:14 +0000 2017,RT @Bitlionaire: J'ai l'impression que le Bitcoin ne consolide jamais plus de 2 jours... #ToTheMoon
Sat Dec 09 08:12:46 +0000 2017,"Buy these stocks ‚Äî including Nvidia, Square ‚Äî to ride bitcoin fever, strategist Tom Lee says https://t.co/yzWTHLFfMe via @bllshbrsh"
Sat Dec 09 08:12:46 +0000 2017,Current BTC holders perceive themselves to be getting richer. This creates a ‚Äòwealth effect‚Äô in consumption. If/whe‚Ä¶ https://t.co/SoQdLmwMcs
Sat Dec 09 08:12:46 +0000 2017,"RT @VinnyLingham: Just remember, the people buying Bitcoin today don‚Äôt love it for the technology, they love it for the promises of t‚Ä¶ "
Sat Dec 09 08:12:46 +0000 2017,"RT @TravWeav: Bought 1,500 bitcoin in 2011 for $2.87 each. I will pick 5 random people who retweet this and give one to each of y‚Ä¶ "
Sat Dec 09 08:12:47 +0000 2017,"RT @staywith1209: ‡πÄ‡∏°‡∏∑‡πà‡∏≠‡∏ß‡∏≤‡∏ô #HappyMinhoDay ‡∏Ç‡∏∂‡πâ‡∏ô‡∏≠‡∏±‡∏ô‡∏î‡∏±‡∏ö 1 ‡πÄ‡∏ó‡∏£‡∏ô‡∏î‡πå‡πÑ‡∏ó‡∏¢‡∏î‡πâ‡∏ß‡∏¢‡∏Ñ‡πà‡∏∞‚ò∫Ô∏èüéÇüíôüéâüëçüèª Yesterday, #HappyMinhoDay was trending No.1 in Thailan‚Ä¶ "
Sat Dec 09 08:12:47 +0000 2017,"RT @alvinlindsay21: * Watch This Special Limited Video *

ALL-INCLUSIVE #BITCOIN COURSE
From Blockchain to alt-coins

Watch This Free I‚Ä¶ "
Sat Dec 09 08:12:47 +0000 2017,RT @Cointelegraph: #Bitcoin and #cryptocurrencies are here to stay. https://t.co/L3plsVLima
Sat Dec 09 08:17:04 +0000 2017,RT @ar48ii: ‡∏î‡∏π‡πÄ‡∏´‡∏°‡∏∑‡∏≠‡∏ô Tulip mania ‡∏ó‡∏µ‡πà‡∏£‡∏≤‡∏Ñ‡∏≤‡∏û‡∏±‡∏á‡πÉ‡∏ô ‡∏Ñ.‡∏®. 1637 ‡∏°‡∏≤‡∏Å https://t.co/Sktf0HIXa9
Sat Dec 09 08:17:04 +0000 2017,Al descubierto los motivos del aumento violento del Bitcoin https://t.co/AumMl0euKM https://t.co/Pb3a5F3Wb1
Sat Dec 09 08:17:05 +0000 2017,"RT @timothychou: Baidu and Xiaomi Partner on #InternetOfThings, #ArtificialIntelligence  https://t.co/Z8PLgAbnTo #IoT #IIoT‚Ä¶ "
Sat Dec 09 08:17:05 +0000 2017,RT @jury2beonline: Copy of https://t.co/1fG8InUSow on Blockchain &amp; Bitcoin Conference Russia 15-16 November 2017: https://t.co/8At0mcIBHJ v‚Ä¶
Sat Dec 09 08:17:05 +0000 2017,RT @rajneeshchhabra: Why #BlockChain is important for India https://t.co/XuF6bVPJAI #Crypto #CryptoCurrencies #Cryptorevolution #Bitcoin‚Ä¶ 
Sat Dec 09 08:17:05 +0000 2017,RT @rajneeshchhabra: Why #BlockChain is important for India https://t.co/XuF6bVPJAI #Crypto #CryptoCurrencies #Cryptorevolution #Bitcoin‚Ä¶ 
Sat Dec 09 08:17:05 +0000 2017,The average price of Bitcoin 16086.5 USD #bitcoin #btc #price https://t.co/BzPKIkGind
Sat Dec 09 08:17:05 +0000 2017,"RT @NewsAustria: ‚≠ê Bitcoin, Autokredit und Co: Welche Entwicklungen zum Crash f√ºhren k√∂nnten ‚≠ê
Hier KLICKEN ‚ñ∂‚Ä¶ "
Sat Dec 09 08:17:06 +0000 2017,"RT @MKBHD: If you bought 1 Bitcoin last night and sold it 5 minutes ago, you just made $3500 https://t.co/XL1E9Hnxd3"
Sat Dec 09 08:17:06 +0000 2017,"RT @fuel_23: I have decided to do a christmas giveaway of 0.5 Bitcoin! 
To win Retweet &amp; FOLLOW.
2 winners will be picked at 500 followers!‚Ä¶"
Sat Dec 09 08:17:06 +0000 2017,Bitcoin Stolen: How NiceHash Was Robbed Of $78 Million and What's Next - Inverse https://t.co/QTuY8nvmFB
Sat Dec 09 08:17:06 +0000 2017,"RT @IdealismPrevail: #Bitcoin-Kurs schnellt auf 16.000 Dollar nach oben ‚Äì #Nordkorea &amp; #US-#Politik d√§mpfen Stimmung an B√∂rse¬†
#idlprv
http‚Ä¶"
Sat Dec 09 08:17:06 +0000 2017,RT @allanajumbo1: @DavidNdii There are many other cryptocurrencies other than Bitcoin to get them absolutely for free go to : (link:‚Ä¶ 
Sat Dec 09 08:17:06 +0000 2017,RT @BTCTN: Bitcoin for Beginners: Which Cryptocurrency Exchange Should I Use? https://t.co/Mwx1DVqWq1 #Bitcoin https://t.co/jOBEcGkqWk
Sat Dec 09 08:17:07 +0000 2017,I present to you a company where you can invest your funds! #Bitcoin #Cryptocurrency #ICO  #tokensale #UpToken
Sat Dec 09 08:17:06 +0000 2017,"RT @timothychou: Baidu and Xiaomi Partner on #InternetOfThings, #ArtificialIntelligence  https://t.co/Z8PLgAbnTo #IoT #IIoT‚Ä¶ "
Sat Dec 09 08:17:07 +0000 2017,"RT @timothychou: Baidu and Xiaomi Partner on #InternetOfThings, #ArtificialIntelligence  https://t.co/Z8PLgAbnTo #IoT #IIoT‚Ä¶ "
Sat Dec 09 08:17:07 +0000 2017,RT @KingCrypto2: In Celebration of #Litecoin and my #RoadTo5000 - if #litecoin reaches $200 by Monday I will send anyone who retweet‚Ä¶ 
Sat Dec 09 08:17:07 +0000 2017,"RT @Joshwilkyyy: Bought 1,500 bitcoin in 2011 for $2.87 each. I will pick 5 random people who retweet this and give one to each of y‚Ä¶ "
Sat Dec 09 08:17:07 +0000 2017,RT @rajneeshchhabra: Why #BlockChain is important for India https://t.co/XuF6bVPJAI #Crypto #CryptoCurrencies #Cryptorevolution #Bitcoin‚Ä¶ 
Sat Dec 09 08:17:07 +0000 2017,RT @rajneeshchhabra: Why #BlockChain is important for India https://t.co/XuF6bVPJAI #Crypto #CryptoCurrencies #Cryptorevolution #Bitcoin‚Ä¶ 
Sat Dec 09 08:17:07 +0000 2017,RT @TriForceTokens: Read the official TriForce Token whitepaper here -&gt; https://t.co/GS9UqJM4PX #p2p #gaming #blockchain #fintech‚Ä¶ 
Sat Dec 09 08:17:08 +0000 2017,@RazzinEmir Wuishhhh ne de....tak setahap phd kau boleh argue pasal bitcoin...bagus2 nnti dh jadi sifu bitcoin boleh ajar aku...haha
Sat Dec 09 08:17:08 +0000 2017,"RT @BitcoinLend: Join ICO! Limited 15M COIN Tokens! Airdrop Live! Free Crypto Kittie! 

#ICO #Airdrop #bitcoin #Ethereum‚Ä¶ "
Sat Dec 09 08:17:08 +0000 2017,RT @rajneeshchhabra: Why #BlockChain is important for India https://t.co/XuF6bVPJAI #Crypto #CryptoCurrencies #Cryptorevolution #Bitcoin‚Ä¶ 
Sat Dec 09 08:17:08 +0000 2017,RT @TheKouk: Read this explanation to see why  bitcoin is vacuous rubbish. Amazing to see how gullible people can be. https://t.co/PzaxiXXT‚Ä¶
Sat Dec 09 08:17:08 +0000 2017,"RT @timothychou: Baidu and Xiaomi Partner on #InternetOfThings, #ArtificialIntelligence  https://t.co/Z8PLgAbnTo #IoT #IIoT‚Ä¶ "
Sat Dec 09 08:17:07 +0000 2017,"When people ask why #Bitcoin is valuable:

https://t.co/QlSMjNXo1w"
Sat Dec 09 08:17:08 +0000 2017,RT @DOLLABILLGATES: Me after i invested $7 into Bitcoin yesterday https://t.co/VrOW401M0b
Sat Dec 09 08:17:08 +0000 2017,RT @DOLLABILLGATES: Me after i invested $7 into Bitcoin yesterday https://t.co/VrOW401M0b
Sat Dec 09 08:17:08 +0000 2017,RT @rajneeshchhabra: Why #BlockChain is important for India https://t.co/XuF6bVPJAI #Crypto #CryptoCurrencies #Cryptorevolution #Bitcoin‚Ä¶ 
Sat Dec 09 08:17:08 +0000 2017,"RT @WillisSusan4: Hey guys, I bought 600 bitcoin in 2011 for pennies. Spent everything except 120 of them (mostly on guns, diamonds,‚Ä¶ "
Sat Dec 09 08:17:08 +0000 2017,RT @rajneeshchhabra: Why #BlockChain is important for India https://t.co/XuF6bVPJAI #Crypto #CryptoCurrencies #Cryptorevolution #Bitcoin‚Ä¶ 
Sat Dec 09 08:17:08 +0000 2017,"Be your own bank - Blockchain - Bitcoin: ""Bankgesch√§fte sind notwendig, Banken sind es nicht""‚Ä¶ https://t.co/Psu4TB1NkJ"
Sat Dec 09 08:17:09 +0000 2017,"RT @timothychou: Baidu and Xiaomi Partner on #InternetOfThings, #ArtificialIntelligence  https://t.co/Z8PLgAbnTo #IoT #IIoT‚Ä¶ "
Sat Dec 09 08:17:09 +0000 2017,"RT @ico_report: The Largest Channel about ICO in Telegram https://t.co/zOt4zUK5Ig
üíØ ICO Reports &amp; Crypto Newsü§ò  
üìÖ –°alendar &amp; Analy‚Ä¶ "
Sat Dec 09 08:17:09 +0000 2017,"RT @tokenbox: CBOE (Chicago Board Options Exchange) futures for BTC can couse a correction in the Bitcoin price up to 40%.

Read‚Ä¶ "
Sat Dec 09 08:17:09 +0000 2017,RT @rajneeshchhabra: Why #BlockChain is important for India https://t.co/XuF6bVPJAI #Crypto #CryptoCurrencies #Cryptorevolution #Bitcoin‚Ä¶ 
Sat Dec 09 08:17:09 +0000 2017,"Wall Street Bank Oppose Bitcoin Futures, But Goldman Sachs is Ready
https://t.co/3OyHmUyFKS
$BTC #BTC"
Sat Dec 09 08:17:23 +0000 2017,"RT @the_damn_muteKi: ""instead"" https://t.co/HesRwtkPjH",770483209163378693
Sat Dec 09 08:17:23 +0000 2017,"RT @alvinlindsay21: * Watch This Special Limited Video *

ALL-INCLUSIVE #BITCOIN COURSE
From Blockchain to alt-coins

Watch This Free I‚Ä¶ ",618605377
Sat Dec 09 08:17:23 +0000 2017,"RT @alvinlindsay21: * Watch This Special Limited Video *

ALL-INCLUSIVE #BITCOIN COURSE
From Blockchain to alt-coins

Watch This Free I‚Ä¶ ",808873082500902915
Sat Dec 09 08:17:23 +0000 2017,"RT @dbrand: 10 companies that are worth less than Bitcoin:
1. Wal-Mart
2. Visa
3. Intel
4. AT&amp;T
5. Coca-Cola
6. Home Depot
7. V‚Ä¶ ",515701181
Sat Dec 09 08:17:24 +0000 2017,"RT @StephenAtHome: Wow, if I had invested $1,000 in Bitcoin last week, today I would have... still no idea how Bitcoin works.",322429676
Sat Dec 09 08:17:24 +0000 2017,RT @IoTRecruiting: Does #BlockChain have a future in energy? https://t.co/IiC1eFbi3n #Crypto #CryptoCurrencies‚Ä¶ https://t.co/eWpLQd5cco,48707597
Sat Dec 09 08:17:24 +0000 2017,"RT @TriForceTokens: TriForce Tokens is bringing P2P trading, anti piracy strategies and a unique honorary reward system to decentralize‚Ä¶ ",755985425529876480
Sat Dec 09 08:17:24 +0000 2017,RT @svanweyenberg: Ik word altijd argwanend als oude economische wetmatigheden opeens niet meer zouden gelden. Tijdens ‚Äòdot-com bubbel‚Ä¶ ,48706038
Sat Dec 09 08:17:24 +0000 2017,"RT @TheRealNikolarn: A boy asked his bitcoin-investing dad for 1 bitcoin for his birthday. 

Dad: What? $15,554??? $14,354 is a lot of m‚Ä¶ ",1304878735
Sat Dec 09 08:17:24 +0000 2017,RT @wil_bielert: RT @IoTRecruiting: Does #BlockChain have a future in energy? https://t.co/IiC1eFbi3n #Crypto #CryptoCurrencies‚Ä¶ ,808873082500902915
Sat Dec 09 08:17:24 +0000 2017,"RT @TriForceTokens: TriForce Tokens is bringing P2P trading, anti piracy strategies and a unique honorary reward system to decentralize‚Ä¶ ",808873082500902915
Sat Dec 09 08:17:24 +0000 2017,"RT @VertiAI: Securing the #InternetOfThings means using markets, not mandates https://t.co/AbWmISgLNB #IoT #IIoT‚Ä¶ https://t.co/rL1jw9OmiL",48707597
Sat Dec 09 08:17:24 +0000 2017,"RT @wil_bielert: RT @VertiAI: Securing the #InternetOfThings means using markets, not mandates https://t.co/AbWmISgLNB #IoT #IIoT‚Ä¶ ",808873082500902915
